,author,title,publishedAt,content
0,Grégoire Poussielgue,"Pour ses voeux aux Français, Emmanuel Macron veut faire de 2024 une « année de détermination »",2023-12-31 19:39:41,"L'année 2023 a été compliquée pour Emmanuel Macron, entre la contestation sociale contre la réforme des retraites, les émeutes urbaines du début de l'été ou encore les conséquences de la loi sur l'im… [+3382 chars]"
1,Benoît Grimonprez,« L’agrivoltaïsme suppose que l’agriculture conserve une place principale »,2023-12-31 11:30:06,Lagrivoltaïsme est la principale innovation de la loi du 10 mars 2023 relative à laccélération de la production dénergies renouvelables. La technique y est définie comme linstallation de modules phot… [+2450 chars]
2,Martine Robert,"Artcurial, Sotheby's, Drouot : les maisons de vente peaufinent leur stratégie de marque",2023-12-31 10:37:07,"Dans le monde des enchères, les grandes maisons n'en finissent pas de s'adapter pour toucher toutes les cibles possibles. Elles sont devenues de véritables lieux culturels, à l'instar de Christie's P… [+3624 chars]"
3,"Emeline Cazi, Nicolas Lepeltier","Pour Paris 2024, les chantiers olympiques arrivent dans les temps",2023-12-31 10:00:04,"Le village des athlètes, secteur des Quinconces (Seine-Saint-Denis), le 16 décembre 2023 CHRISTOPHE CAUDROY POUR « LE MONDE »
Un homme savourait plus que les autres cette rencontre organisée mardi 1… [+2617 chars]"
4,Les Echos,La Bulgarie et la Roumanie vont partiellement intégrer l'espace Schengen,2023-12-31 09:00:17,"La Bulgarie et la Roumanie vont partiellement intégrer l'espace Schengen de libre circulation dans l'Union européenne, à partir du 31 mars, ont annoncé les 27 dans la nuit de samedi à dimanche. Cette… [+1842 chars]"
5,Rafaële Rivais,Quand la sortie du réveillon est gâchée par le verglas,2023-12-31 07:00:09,"Ce nest pas parce quà la Saint-Sylvestre, on se souhaite « bonne année et bonne santé » que lon est à labri dun accident. M. X en sait quelque chose, lui qui, en sortant du réveillon du Jour de lan 2… [+2518 chars]"
6,Gabriel Richalot,Paris 2024 : « Quand la magie du sport opère »,2023-12-31 06:00:03,"Cest dHerning, une ville du Danemark denviron 90 000 habitants, située à 1 227 kilomètres par la route de Saint-Denis (Seine-Saint-Denis) et du siège du Comité dorganisation des Jeux olympiques et pa… [+3417 chars]"
7,Le Monde,Depardieu : la faute politique du président,2023-12-30 10:00:05,"Depuis 2017 et les révélations sur le producteur de cinéma prédateur Harvey Weinstein, la vague qui a libéré la parole des femmes victimes de violences sexistes et sexuelles a aussi bouleversé la man… [+3427 chars]"
8,Les Echos,VIDEO - Pourquoi l'Argentine manifeste contre le « mega-décret » de son nouveau président ?,2023-12-29 11:03:28,"Des milliers de personnes ont manifesté mercredi à Buenos Aires, donnant lieu à des bousculades avec la police et des interpellations. C'était le troisième rassemblement en huit jours contre un décre… [+999 chars]"
9,Bertrand Monnet et Karim El Hadj,Vidéo. Les coulisses de notre enquête « Narco Business » sur le trafic de fentanyl des cartels mexicains,2023-12-28 16:26:11,"Comment est-ce quon mène lenquête au sein dun cartel méxicain ? Bertrand Monnet, spécialiste de léconomie du crime, répond aux questions des internautes sur les coulisses de « Narco Business », son e… [+641 chars]"
10,Service vidéo du Monde,"Vidéo. A Gaza, des corps enterrés dans des fosses communes, tandis que la riposte israélienne s’intensifie",2023-12-28 13:12:15,"A Rafah, mardi 26 octobre, les autorités ont enterré les corps de 80 Palestiniens tués dans la bande de Gaza. Dans le même temps, Benyamin Nétanyahou avait annoncé « lintensification » des combats da… [+318 chars]"
11,Yves Bourdillon,La Moldavie veut accélérer son rapprochement de l'Union européenne,2023-12-26 18:00:57,"La Moldavie a rapidement embrayé. Dix jours après avoir bénéficié, comme son voisin ukrainien, d'une invitation des Vingt-Sept à entamer des négociations d'adhésion à l'Union européenne , la présiden… [+3289 chars]"
12,Les Echos,"Les images impressionnantes de l'explosion d'un navire russe dans le port de Feodossia, en Crimée",2023-12-26 11:55:48,"Une impressionnante explosion a retenti ce mardi dans le port de Feodossia, en Crimée, aux alentours de 02h30 heure locale. Une boule de feu a déchiré le ciel, pulvérisant des débris à plusieurs kilo… [+1059 chars]"
13,Manon de Cabarrus,VIDEO - Pourquoi l'enlisement de la guerre en Ukraine est la meilleure chose qui pouvait arriver à la Russie,2023-12-21 17:13:36,"L'hiver est arrivé en Ukraine, et la contre-offensive n'a pas donné de grands résultats. La ligne de front s'est stabilisée et le conflit est devenu une guerre d'usure. La Russie peut mobiliser davan… [+2132 chars]"
14,Les Echos,"VIDEO - Démographie : faire moins d'enfants, est-ce vraiment un problème ?",2023-12-18 10:04:00,"La chute est nette et claire : les Françaises font moins de bébés. En 10 ans, la France est passée de 830.000 à 720.000 naissances annuelles. Et en 2023, le décrochage est encore plus fort, avec une … [+1518 chars]"
15,Philippe Escande,"Google, Apple vs Epic Games : « Le monopole des géants du numérique s’érode trop doucement »",2023-12-13 10:47:51,"Le droit et la justice sont le fondement de la vie en société, mais les juges sont des humains comme les autres et la constance de leurs décisions na rien de mécanique. Cette inconstance de la justic… [+2451 chars]"
16,Manon de Cabarrus,VIDEO - Cet avion militaire américain qui pourrait révolutionner la guerre,2023-12-04 09:53:16,"C'est le premier avion de chasse de sixième génération jamais vu en vol : le B-21 américain, conçu pour pouvoir voler sans équipage, possède un système de liaison des données grâce au cloud, une auto… [+1231 chars]"
17,"Anna Moreau, Elsa Longueville et Mahé Richard-Schmidt","Vidéo. Bande de Gaza : avant la guerre, un territoire à l’agonie",2023-11-18 15:00:09,"La bande de Gaza na pas connu de répit depuis les années 1950. Coincé entre Israël et lEgypte, soumis à une succession de guerres et doccupations, ce morceau de Palestine parvient à peine survivre. D… [+2162 chars]"
18,Stéphanie Harounyan,"Marseille : «On aime ce club, mais pas au point de faire des violences ou des dégradations»",2021-02-02 07:53:26,"Le dispositif policier avait été musclé au cas où. Mais finalement personne nest venu manifester devant le tribunal correctionnel de Marseille, où quatorze prévenus étaient présentés lundi après-midi… [+5261 chars]"
19,Elsa Maudet,Mal-logement : le parc HLM paralysé par le Covid,2021-02-01 19:36:14,"Les chiffres définitifs ne seront connus que dans quelques mois, mais déjà les estimations donnent le tournis. En 2020, le nombre dattributions de HLM devrait chuter de 20 %. Soit 100 000 logements s… [+4840 chars]"
20,Clotilde Briard,Clap de fin pour les magasins Habitat,2023-12-28 11:40:03,Fin d'une époque dans le monde du design. Le chevalier blanc de dernière minute dont rêvaient certains salariés d'Habitat n'a pas fait une apparition surprise aux lendemains de Noël. Le tribunal de c… [+3350 chars]
21,Anne Drif,M&A : Lazard prend la tête d'un classement français très bousculé,2023-12-28 11:08:54,"Avis de secousses sur le marché du M&amp;A français. Le classement des banques d'affaires a été sérieusement bousculé cette année en plein recul des fusions-acquisitions , à 130 milliards de dollars … [+3122 chars]"
22,Bastien Bouchaud,"Schneider, L'Oréal, Stellantis : les moteurs du CAC 40 ont tourné à plein régime cette année",2023-12-28 11:00:07,"La Bourse de Paris termine l'année en beauté. L'indice CAC 40 a enregistré un nouveau record historique le 15 décembre, à 7.596,91 points, après avoir dépassé les 7.560 points en séance la veille. En… [+848 chars]"
23,Le Monde,Le double héritage de Jacques Delors,2023-12-28 10:47:02,"Une figure politique singulière disparaît avec Jacques Delors. Autodidacte formé par le syndicalisme chrétien, humaniste inspiré par le personnalisme engagé du philosophe Emmanuel Mounier, profondéme… [+3259 chars]"
24,Sébastien Dumoulin,Impôts : ce qui change pour les ménages en 2024,2023-12-28 05:56:17,"L'heure n'est plus à la révolution fiscale. Les dernières années ont connu leurs lots de bouleversements : mise en place de la retenue à la source en 2020, révision des tranches d'impôt sur le revenu… [+6653 chars]"
25,"Brieuc Beckers, Elsa Longueville",Pourquoi l’avenir du Moyen-Orient dépend autant d’Israël,2023-12-27 16:00:09,"La guerre entre Israël et le Hamas à Gaza était-elle inévitable ? En 2020, le président américain Donald Trump annonçait fièrement un accord de paix entre Israël, Bahreïn et les Emirats arabes unis. … [+1408 chars]"
26,"Eric André, Bernard Laurent",« Nous vivons mondialement une économie de casino avec des montages financiers toujours plus complexes »,2023-12-27 12:15:13,Lactualité économique française est névrotiquement subordonnée aux évaluations données par les agences de notation sur la dette française. Après une semaine danxiété à guetter la décision de lagence … [+2619 chars]
27,Le Monde avec AFP,Grève à la tour Eiffel : le monument fermé au public à l’occasion du centenaire du décès de Gustave Eiffel,2023-12-27 12:07:42,"La tour Eiffel, à Paris, le 6 janvier 2017. OLIVIER MORIN / AFP
La tour Eiffel est fermée au public, mercredi 27 décembre, en raison dun mouvement de grève de ses salariés, a annoncé la Société dexp… [+1237 chars]"
28,Juliette Prigent,"Vidéo. Loi « immigration » : le texte consacre-t-il la « préférence nationale », prônée par le Rassemblement national ?",2023-12-27 11:03:25,"Mardi 19 décembre, la loi sur limmigration est adoptée par les parlementaires. Marine Le Pen se réjouit alors devant les caméras et revendique « une victoire idéologique du Rassemblement national ». … [+498 chars]"
30,Rafaële Rivais,Qui est responsable si des bougies de Noël enflamment la jupe d’une invitée ?,2023-12-25 05:00:08,Lhôtesse dune soirée qui laisse ses invités poser des bougies allumées à même le sol ne peut prétendre quelle nest pas responsable de laccident causé par lune delles. Il aura fallu six ans de procès … [+2581 chars]
31,Gaétan Supertino,"« A travers les légendes sur Jésus, nous arrivons à discerner en filigrane des éléments sur sa véritable existence »",2023-12-24 05:15:01,"Détail dune mosaïque de la basilique Saint-Apollinaire-le-Neuf, à Ravenne (Italie). 
Que peut-on encore apprendre sur Jésus, ce juif de Galilée ayant vécu il y a deux mille ans, devenu lun des perso… [+2744 chars]"
32,"Fanny Zarifi, Marceau Bretonnier, Elisa Bellanger",Comment la France a-t-elle été chassée du Sahel ?,2023-12-22 13:15:05,"Après le Mali et le Burkina Faso, larmée française a quitté le Niger. Un coup dEtat après lautre, la France est sommée de plier bagages au Sahel et sa présence militaire est dénoncée depuis plusieurs… [+2316 chars]"
36,Bastien Bouchaud,Schneider Electric retrouve le club fermé des sociétés valant plus de 100 milliards d'euros,2023-12-12 16:39:34,"La Bourse de Paris compte une nouvelle société valorisée plus de 100 milliards d'euros. Le géant français de l'industrie Schneider Electric a rejoint ce club très restreint vendredi, alors qu'il s'ap… [+3010 chars]"
37,Manon de Cabarrus,VIDEO - Les images de la croix installée sur la flèche de Notre-Dame de Paris,2023-12-08 15:35:09,"C'était la dernière grosse étape avant que l'on puisse enlever les échafaudages : la croix de la flèche de Notre-Dame de Paris a retrouvé sa place mercredi. La cathédrale doit rouvrir dans un an, le … [+927 chars]"
38,Virginie Jacoberger-Lavoué,L'Oréal continue de progresser encore plus vite que le marché de la beauté,2023-07-27 16:01:08,"Des performances de sprinter. Dans un marché de la beauté en croissance de 10 %, L'Oréal continue comme depuis trois ans à faire mieux que la plupart de ses concurrents et à gagner ainsi des parts de… [+357 chars]"
41,"Virginie Robert, Anne Bauer","Ukraine : « Au sein de l'Otan, nous avons toujours dit que ce serait une guerre longue »",2023-12-17 11:39:36,"Lors de sa conférence de presse annuelle, Vladimir Poutine a dit qu'il était déterminé à remplir ses objectifs. Il espère profiter de l'enlisement actuel des combats et d'une baisse de l'aide à l'Ukr… [+8652 chars]"
42,"Romain Gueugneau, Solveig Godeluck",Bruno Le Maire renouvelle son opération séduction à Wall Street,2023-12-17 09:32:12,"Deux ans après avoir fait la tournée des seigneurs de Wall Street, rebelote pour Bruno Le Maire. Le ministre de l'Economie et des Finances est revenu à New York vendredi. Il a prévu de nombreux rende… [+4306 chars]"
43,Pascal Perez,Transport sanitaire : « L’absence de dialogue avec les artisans taxis et de mesures d’accompagnement témoigne d’une gestion technocratique et centralisée »,2023-12-17 09:00:04,"Une disposition de la loi de finances sociales de 2024 vise à réduire le coût du transport sanitaire par taxi, en en baissant le prix quand le transport partagé des patients est possible, via une pla… [+2628 chars]"
44,Adrien Pécout,Le Guyana relance la soif mondiale de pétrole,2023-12-17 04:45:08,"Un navire participe à la création dun port côtier nécessaire à la production pétrolière offshore à lembouchure de la rivière Demerara, à Georgetown, la capitale du Guyana, le 11 avril 2023. MATIAS DE… [+2745 chars]"
45,Philippe Bertrand,Carrefour fait une offre sur les magasins de proximité de Casino,2023-12-16 17:23:45,"C'est lundi, en théorie, que Casino devrait dire à qui il vendra ses derniers supers et hypermarchés. Intermarché allié à Auchan, Lidl, Leclerc pour un bout, Carrefour pour un autre morceau ? Les hyp… [+2381 chars]"
46,Pascal Brunel,Guerre Israël - Hamas : Benyamin Netanyahou sous pression après la mort d'otages tués par des soldats israéliens,2023-12-16 16:43:34,"« Les combats tuent des otages » : ce cri du coeur d'Itay Svirsky, dont le cousin Uri est détenu par le Hamas, reflète la sidération des Israéliens et surtout des familles des 132 captifs après la mo… [+3859 chars]"
47,Le Monde,Voiture électrique : une démocratisation difficile,2023-12-16 10:00:26,"La bagnole ? « Moi, je ladore ! », avait déclaré Emmanuel Macron lors dune interview télévisée le 24 septembre. Cette passion a sans doute incité le chef de lEtat à annoncer lui-même, jeudi 14 décemb… [+3356 chars]"
48,Laurence Girard,Matières premières : « Rayon de soleil pour le miel »,2023-12-16 09:00:02,"Une ruche dabeilles, à Saint-Philbert-sur-Risle (Eure), le 12 août 2023. JOEL SAGET / AFP
Cette année, les abeilles ont bien bataillé pour garnir les ruchers. Lhiver doux les a poussées à commencer … [+2855 chars]"
49,Pascal Brunel,Gaza : Israël s'apprête à inonder les tunnels du Hamas,2023-12-15 14:47:23,Tsahal va utiliser une nouvelle arme contre le Hamas : l'eau pompée de la Méditerranée pour inonder le vaste réseau de 500 km de tunnels creusés par Hamas dans la bande de Gaza. Les tests effectués c… [+3614 chars]
50,Service vidéo du Monde,"Vidéo. En images : Bourges, Capitale européenne de la culture en 2028",2023-12-15 11:19:46,"La ville de Bourges a été désignée, mercredi 13 décembre, Capitale européenne de la culture. Elle portera ce titre, qui entraîne dimportantes retombées économiques et touristiques, tout au long de la… [+647 chars]"
51,"Eliott Brachet, Hélène Sallon",La guerre Israël-Hamas donne l’occasion à l’Egypte de retrouver une influence diplomatique,2023-12-15 10:00:15,"Plus discret que Doha dans la médiation entre Israël et le Hamas, Le Caire nen est pas moins incontournable. Avec la guerre à Gaza, lEgypte retrouve une centralité quelle avait perdue sur la scène in… [+2557 chars]"
52,Service vidéo du Monde,"Vidéo. En images : à la COP28, un rapport final qui mentionne les énergies fossiles « pour la toute première fois »",2023-12-13 17:06:53,"Après des jours dhésitation et de tension, cest un accord jugé historique. Mercredi 13 décembre, les pays du monde entier ont approuvé un compromis inédit. Pour la première fois dans lhistoire des co… [+537 chars]"
53,Philippe Escande,"Google, Apple vs Epic Games : « Le monople des géants du numérique s’érode trop doucement »",2023-12-13 10:47:55,"Le droit et la justice sont le fondement de la vie en société, mais les juges sont des humains comme les autres et la constance de leurs décisions na rien de mécanique. Cette inconstance de la justic… [+2451 chars]"
54,"Bertrand Monnet, Pablo Teyssier-Verger, Adrien Vande Casteele, Marceau Bretonnier, Asia Balluffier, Charles-Henry Groult, Stéphane Oiry","« Dubaï connexion, comment blanchir cinquante millions de dollars » : découvrez le troisième épisode de notre série vidéo « Narco Business »",2023-12-01 05:18:48,"Cest la première cause de mortalité des 18-45 ans aux Etats-Unis : le fentanyl. Ou plutôt sa version trafiquée, la M30, une pilule bleue vingt à quarante fois plus puissante que lhéroïne. Une drogue … [+1891 chars]"
55,Raphaëlle Laurent,VIDEO - Armement : les Européens peuvent-ils prendre la main sur leur défense ?,2023-11-22 10:00:24,"Les médias sont unanimes : pire qu'une blessure, c'est une trahison. En mars 2022, l'Allemagne annonce qu'elle va commander 35 avions de chasse F-35 aux Américains. Au-delà du symbole, cette commande… [+1321 chars]"
57,Les Echos,VIDEO - Pourquoi ne fabrique-t-on plus de vélos en France ?,2023-10-25 08:08:05,"« L'idéal », « le robuste », « la superbe » : quand on aime, on câline ses produits au point de les baptiser de noms poétiques. Et pendant des années, la France a aimé l'industrie du vélo C'était la … [+1385 chars]"
58,Les Echos,VIDEO - Faut-il vraiment lutter contre l'inflation ?,2023-07-26 09:00:31,"Depuis mi-2021, les pays occidentaux sont confrontés à une envolée de l'inflation inédite depuis les années 1980. Pourquoi les banques centrales ont-elles fait de la lutte contre l'inflation leur com… [+954 chars]"
59,Les Echos,VIDEO - Pourquoi c'est devenu cool de faire ses courses chez Action ?,2023-07-18 09:09:19,"La France représente un tiers du chiffre d'affaires d'Action. Sur les réseaux sociaux, les fans de la marque font l'inventaire des nouveaux arrivages, offrant au passage à Action de la publicité grat… [+1047 chars]"
62,"Marion Heilmann, Romain Gueugneau",Crédit immobilier : les banques repartent à la conquête de nouveaux clients,2023-12-26 16:22:24,"En une année à peine, les conditions ont totalement changé sur le marché du crédit immobilier. Fin 2022, les clients se précipitaient chez leurs courtiers pour essayer de décrocher un prêt avant que … [+3837 chars]"
63,Olivier Pinaud,BFM-TV perd son pari Ruquier face à CNews,2023-12-26 16:06:40,"Laurent Ruquier lors dune conférence de presse de rentrée chez BFM-TV, le 31 août. EMMANUEL DUNAND / AFP
Cest un échec qui tombe mal pour BFM-TV, dépassée en audience, ces dernières semaines, par sa… [+2987 chars]"
64,Richard Hiault,Fiscalité : les monnaies numériques dans la ligne de mire,2023-12-26 16:03:11,"C'est l'un des chantiers prioritaires de 2024 : mieux surveiller les cryptoactifs. « Dans la mesure où ils constituent un vecteur pour la fraude fiscale, le blanchiment d'argent ou le financement du … [+650 chars]"
65,Sébastien Dumoulin,"Impôts : la fin de la taxe d'habitation, une manne modeste pour les propriétaires",2023-12-26 15:40:54,A qui Emmanuel Macron a-t-il fait un cadeau en supprimant la taxe d'habitation ? Cette baisse d'impôt inédite se voulait une mesure de soutien au pouvoir d'achat. Mais la manne ainsi redistribuée aur… [+2723 chars]
67,Sharon Wajsbrot,La France bat son record historique d'exportation d'électricité,2023-12-26 10:39:36,"C'est un nouveau signal qui atteste de la meilleure santé du système de production d'électricité français. Ce vendredi 22 décembre, la France a battu son record historique d'exportation, avec 18.680 … [+2603 chars]"
68,Le Monde,"A Gaza, la guerre sans fin de Benyamin Nétanyahou",2023-12-26 10:30:06,"Personne ne discute plus lampleur du bilan humain du carnage en cours à Gaza. Mais personne, parmi les responsables internationaux qui prétendent vouloir apporter des réponses au conflit israélo-pale… [+3387 chars]"
69,Sven Ripoche,Alimentation : « Les acteurs de la distribution ont un rôle-clé à jouer dans la lutte contre le gaspillage »,2023-12-25 06:00:07,"En France, chaque famille sapprête à gaspiller 3 kilos de nourriture à loccasion des fêtes de fin dannée, selon lAgence de la transition écologique (Ademe). Un gâchis qui contribuera à alimenter les … [+2370 chars]"
73,Gaétan Supertino,"Aux origines de la « Terre sainte », ou la lente construction d’une Palestine « mythifiée »",2023-12-20 05:00:01,"« Jerusalem Calling », 2015, oeuvre du photographe Rula Halawani. COURTESY AYYAM GALLERY / RULA HALAWANI
Histoire dune notion. Faut-il changer de regard sur la Palestine ? Cest ce à quoi nous invite… [+2464 chars]"
74,Arthur Carpentier,Vidéo. Ukraine : ce que les images disent de la stratégie d’attaque russe des bâtiments civils d’Avdiïvka,2023-12-19 16:02:01,"Ecoles, hôpitaux, immeubles résidentiels, églises pour bombarder Avdiïvka, à quelques kilomètres de Donetsk, les artilleurs et aviateurs russes nont pas fait de distinction. Située à la lisière du Do… [+1607 chars]"
79,Nathalie Cheysson-Kaplan,Impôts : taxe d'habitation et taxe foncière en 10 questions pratiques,2023-10-03 05:16:41,"1. La taxe foncière est-elle déductible de l'IFI ?
La taxe foncière sur les propriétés bâties ainsi que la taxe foncière sur les propriétés non bâties sont déductibles de votre patrimoine imposable … [+437 chars]"
80,Laurent Thévenin,Ces communes qui majorent la taxe d'habitation sur les résidences secondaires,2023-09-30 06:00:54,"De la Normandie au littoral méditerranéen, de la façade atlantique aux Alpes, de nombreux maires n'ont pas laissé passer la possibilité qu'ils ont depuis peu d'instaurer une majoration de la taxe d'h… [+634 chars]"
83,Nicolas Truong,"En ces temps tragiques, que nous est-il permis d’espérer ?",2024-01-05 17:30:15,"Partout, lhorizon semble obstrué. Et lavenir fracassé. La prégnance des guerres accentue la sensation de dévastation planétaire. A tel point que linquiétude géopolitique semble reléguer à larrière-pl… [+2484 chars]"
84,Guillaume Guichard,La France franchit le cap symbolique du million de voitures électriques,2024-01-05 17:07:59,"Les près de 300.000 unités immatriculées en 2023 ont permis à la France de passer la barre symbolique du million de « wattures » sur les routes.
D'après les chiffres de l'Avere, dont « Les Echos » o… [+2646 chars]"
85,Arnaud Dyèvre,"« Gouvernement et secteur privé sont des alliés dans le financement de la R&D, pas des ennemis »",2024-01-05 13:46:15,La productivité de notre économie est le déterminant le plus important de notre niveau de vie. Comment laccroître ? Quels rôles respectifs doivent jouer le secteur privé et le gouvernement dans ce pr… [+2642 chars]
86,Isabelle Chaperon,Fusions-acquisitions : un rebond espéré en 2024 après le trou d’air de l’an passé,2024-01-05 12:30:09,"A la Défense, près de Paris, en mars 2020. ERIC PIERMONT / AFP
Un mauvais millésime. En 2023, le marché français des fusions-acquisitions a reculé de 20 %, pour atteindre 125,6 milliards de dollars … [+2833 chars]"
87,Le Monde,Automobile : une hiérarchie mondiale bousculée,2024-01-05 10:30:05,"En 2023, le groupe japonais Toyota a conservé la tête du classement mondial des constructeurs automobiles, avec près de dix millions de voitures vendues. Linformation, qui autrefois aurait fait les g… [+3385 chars]"
88,Anne-Sophie Vion,Immobilier : ces passoires thermiques qui affolent le marché,2024-01-05 06:30:33,"Le diktat de la valeur verte des logements est en passe de devenir la principale bête noire des propriétaires immobiliers. En effet, plus de deux ans après le vote de la loi climat et résilience, la … [+493 chars]"
89,Noa Moussa,SNCF : le système D des voyageurs face au train cher,2024-01-05 04:00:00,"Un TGV à quai à la gare du Nord, à Paris, en octobre 2023. MIGUEL MEDINA / AFP
« Vite, dépêchez-vous, notre train est à quai ! », sexclame une jeune femme, en poussant ses amis vers la foule de voya… [+2938 chars]"
91,Bertrand Monnet et Karim El Hadj,Vidéo. Les coulisses de notre enquête « Narco Business » sur le trafic de fentanyl des cartels mexicains,2023-12-28 16:26:09,"Comment est-ce quon mène lenquête au sein dun cartel méxicain ? Bertrand Monnet, spécialiste de léconomie du crime, répond aux questions des internautes sur les coulisses de « Narco Business », son e… [+641 chars]"
92,Virginie Jacoberger-Lavoué,Disparition de Jacques Delors : pluie d'hommages pour l'artisan de l'Europe,2023-12-27 21:21:12,"Les réactions à la disparition de Jacques Delors, ancien président de la Commission européenne (1985-1995) ayant contribué à la construction du marché unique et ouvert la voie à la monnaie commune to… [+3353 chars]"
93,Les Echos,"Mort de Jacques Delors, le « tsar de Bruxelles »",2023-12-27 17:17:47,"Les Français ont perdu un père spirituel. Jacques Delors est mort ce mercredi à l'âge de 98 ans. « Il est décédé à son domicile parisien dans son sommeil », a annoncé sa fille Martine Aubry, la maire… [+12362 chars]"
102,Marie-Josée Cougard,Huîtres : la vague d'intoxications alimentaires au norovirus s'étend sur le littoral,2024-01-07 09:58:33,"La contamination aux norovirus continue de s'étendre sur le littoral ouest français. Vendredi, la Préfecture de Vendée a annoncé avoir interdit la consommation de coquillages en provenance de la comm… [+4357 chars]"
103,Nessim Aït-Kacimi,"Bridgewater, le « Big Brother » du trading mondial, fait face à ses accusateurs",2024-01-07 07:44:32,"A la tête de 125 milliards de dollars de capitaux, Bridgewater Associates est le plus grand hedge fund au monde devant Renaissance Technologies (110 milliards de dollars) et AQR capital management (9… [+434 chars]"
104,Paul Battez,Belarus: The opposition tries to get out of Lukashenko's trap,2024-01-07 02:33:21,"In Poland, a Belarusian exile holds a placard calling for ""freedom for Belarusian political prisoners"", during a demonstration in Warsaw, August 9, 2023. SOPA IMAGES / SIPA
Forced into exile since 2… [+2660 chars]"
105,Corine Lesnes,AI start-ups are booming in San Francisco's 'Cerebral Valley',2024-01-07 01:00:18,"There's a blue house on Lily Street, in San Francisco, California, backing onto a row of banyan trees. The driveway ends in a mural of psychedelic flowers by Italian artist Pepe Gaka. In the urban pa… [+2398 chars]"
106,Jean-Pierre Stroobants,'Qatargate': Belgian investigation risks stalling,2024-01-07 00:51:27,"Former Italian MEP Pier Antonio Panzeri, on his release from Saint-Gilles prison, Brussels, April 13, 2023. KENZO TRIBOUILLARD / AFP
Almost 13 months after the eruption of ""Qatargate"" a corruption s… [+2493 chars]"
107,Matthieu Goar,Flooding in Northern France: 'It's only logical that rainfall will become more frequent and intense',2024-01-06 20:04:36,"Flooding on the River Aa, Blendecques (Pas-de-Calais), January 4, 2024. MATTHIEU MIRVILLE / AP
François Gourand, a forecaster at France's weather service Météo-France, spoke with Le Monde about the … [+3028 chars]"
108,Philippe Mesmer,"Between North and South Korea, 2024 begins under high tension",2024-01-06 20:00:26,"2024 began with the sound of cannon fire on the Korean peninsula, following in the footsteps of the previous year. 2023 was marked by an escalation in tensions that South Korean Unification Minister … [+2577 chars]"
109,Julien Boitel,"Trop d'eau, étiquetage non conforme… La répression des fraudes épingle des fabricants de beurre",2024-01-06 11:01:25,"S'il est incontournable pour une majorité de Français, le beurre n'en est pas moins soumis à une réglementation stricte. Or, la Direction générale de la concurrence, de la consommation et de la répre… [+428 chars]"
110,"Barbara Marty, Mélody Da Fonseca, Diana Liu",What exactly is Gérard Depardieu accused of?,2024-01-06 10:28:10,"In a career spanning almost 60 years, French actor Gérard Depardieu has earned an image as a bon vivant and a heavy flirt through his roles and interviews. Today, three police complaints are pending … [+1413 chars]"
111,Les Echos,Un Boeing 737 MAX perd un hublot en plein vol et relance la question de la fiabilité,2024-01-06 09:56:48,"Après le problème de boulon en décembre, celui de hublot en janvier. Un Boeing 737 MAX 9 d'Alaska Airlines, avec 177 personnes à bord, a dû effectuer un atterrissage d'urgence vendredi dans l'Oregon … [+2769 chars]"
112,Hélène Jouan,Canada's carbon tax under threat from all sides,2024-01-05 01:42:07,"Oil operations near Estevan, Saskatchewan province, Canada, November 21, 2018. AMBER BRACKEN/NYT-REDUX-REA
In Canada, the year began with an act of rebellion against the carbon tax, the pollution pr… [+3038 chars]"
113,"Brieuc Beckers, Elsa Longueville and Sinead McCausland",Video. Why Middle East stability revolves around Israel,2024-01-04 16:41:19,"Was war between Israel and Hamas inevitable? In 2020, former US President Donald Trump proudly announced a peace agreement between Israel, Bahrain and the United Arab Emirates. The so-called Abraham … [+2291 chars]"
115,Alexis Tromas and Diana Liu,Video. The year in review: 2023 in six minutes,2023-12-28 04:45:04,"Hottest, deadliest we've often used superlatives like these to describe 2022. As we take stock of 2023, we're almost tempted to re-use these terms.
Heat records amid the climate crisis have multipli… [+896 chars]"
121,"Thomas Eydoux, Laureline Savoye and Sinead McCausland",Video. Why are Ukrainian special forces fighting Russia's Wagner mercenaries in Sudan?,2023-11-26 17:05:23,"Ukraine, currently stuck in its counteroffensive, could be opening another front in its defense against Russia in Africa. On November 6, 2023, the Kyiv Post, Ukraine's leading English-language newspa… [+1495 chars]"
124,Les Echos,La Nasa repousse le retour d'astronautes sur la Lune à 2026,2024-01-09 19:58:53,"Se donner du temps. La Nasa a annoncé, ce mardi, le report de ses missions vers la Lune. « Nous ajustons notre calendrier », a déclaré le patron de la Nasa, Bill Nelson, lors d'une conférence de pres… [+2251 chars]"
125,Les Echos,Air France prévoit de reprendre ses vols vers Tel-Aviv fin janvier,2024-01-09 19:51:26,"Air France organise son retour en Israël. La compagnie aérienne française prévoit de reprendre ce 24 janvier la desserte de Tel-Aviv, suspendue depuis l'attaque du Hamas contre Israël le 7 octobre, a… [+2337 chars]"
126,Florence Aubenas,The painful return of Ukrainian prisoners from Russia,2024-01-09 19:30:35,"The families had been warned, as they were every time prisoners of war were exchanged with Russia: ""You probably won't recognize your husband or son. Hide your surprise. Or at least try to."" Often wo… [+2827 chars]"
127,Hélène Sallon,Hezbollah's elite Radwan force is in Israel's sights,2024-01-09 19:00:08,Hezbollah's Radwan force commander Wissam Tawil and Hezbollah leader Hassan Nasrallah in an undated photo released by the Lebanese Shiite party after Tawil was killed in an Israeli strike on January … [+3117 chars]
128,Nicolas Rauline,Les cours du pétrole chahutés entre tensions mondiales et demande molle,2024-01-09 18:15:54,"Les fortes variations ne masquent pas la tendance persistante des cours du pétrole, depuis plusieurs mois. Le prix du baril de brent semble s'installer durablement sous les 80 dollars et continue sa … [+3394 chars]"
129,Isabelle Ficek,Macron joue la carte Attal pour tenter de provoquer un « sursaut »,2024-01-09 18:14:43,"« L'audace » et « le mouvement ». C'est le « symbole » que le nouveau Premier ministre Gabriel Attal a déclaré voir dans sa nomination à Matignon, lors de la passation de pouvoir avec Elisabeth Borne… [+5828 chars]"
130,Cécile Cornudet,"Macron, l'opération sang neuf",2024-01-09 17:17:39,"Un petit air de 2017, une potion de « disruption » ? En nommant Gabriel Attal à Matignon, contre l'avis de sa vieille garde, Emmanuel Macron s'offre la possibilité d'une « régénération » évoquée dans… [+2473 chars]"
131,Grégoire Poussielgue,"Gabriel Attal Premier ministre, une arme anti-Bardella en vue des élections européennes",2024-01-09 17:14:09,"A cinq mois de l'échéance, Gabriel Attal n'a pas évoqué les élections européennes lors de sa prise de fonctions à Matignon ce mardi. Il sera pourtant bien en première ligne pour mener la campagne en … [+3732 chars]"
132,Les Echos,"VIDEO - La déclaration du nouveau Premier ministre, Gabriel Attal",2024-01-09 15:55:07,"Le suspense a duré à peine quelques heures, mais pour les journalistes politiques, c'est comme s'il avait duré des mois. Après l'annonce de la démission d'Elisabeth Borne lundi, officialisée par le p… [+845 chars]"
133,Les Echos,VIDEO - Comment le Chinois BYD est devenu un géant de la voiture électrique,2024-01-09 13:55:09,"Ce sont trois lettres qui révèlent une ambition : BYD pour « Build your dreams » (« Construisez vos rêves »). En quelques années, le constructeur de voitures électriques chinois est devenu un géant m… [+915 chars]"
134,Le Monde with AP and AFP,2023 was the Earth's hottest year by far,2024-01-09 13:34:38,"View of a fire in Cerrado (savanna) in Barreiras, western of the Bahia state, Brazil, taken on October 1, 2023. NELSON ALMEIDA / AFP
The year of 2023 was the hottest on record, with the increase in … [+4171 chars]"
135,Grégoire Poussielgue,Attal Premier ministre : l'ascension fulgurante du « jeune Gabriel »,2024-01-09 11:39:03,Le record de Laurent Fabius est battu. En devenant Premier ministre à 34 ans - il fêtera son 35e anniversaire le 16 mars - Gabriel Attal devient le plus jeune locataire de Matignon depuis le début de… [+317 chars]
136,Cédric Pietralunga,Supply of F-16s to Ukraine: Pilot training ramps up,2024-01-09 02:15:15,"Norwegian Defense Minister Bjorn Arild Gram sits in an F-16 aircraft at Bodo airport in Norway on January 3, 2024. These aircraft are to be sent to Denmark for use in training Ukrainian pilots. JAN L… [+2623 chars]"
137,Thomas Wieder,"German farmers stage 'week of action,' among fears of far-right exploitation",2024-01-08 19:17:03,"Farmers demonstrate against the federal government's austerity plans in Torgau (Germany), January 8, 2024. On the sign is written: ""Agriculture is a state of honor, it preserves the city, it preserve… [+2695 chars]"
138,Florence Miettaux,The relentless struggle of South Sudanese displaced by war and endless flooding,2024-01-08 00:00:32,"Ripples splashed against the seawall where Kunen Ganor stood. In front of the frail 34-year-old, the water stretched as far as the eye could see. ""Here, there was a forest, a very big forest,"" said t… [+3184 chars]"
141,Les Echos,"VIDEO - « Dès qu'il pleut, on a peur » : le Pas-de-Calais placé en vigilance rouge aux crues",2024-01-03 10:00:54,"« Ça fait trois nuits qu'on ne dort pas. Dès qu'il pleut, on a peur, on vient voir la rivière même en pleine nuit », explique Josianne dans la vidéo. Dans la commune de Quernes, dans le Pas-de-Calais… [+1147 chars]"
146,Anne Drif,Le M&A mondial signe sa pire année de la décennie,2023-12-29 15:40:15,"Coup de froid sur les fusions-acquisitions mondiales. Pour la première fois en dix ans, la barre des 3.000 milliards de dollars a été franchie à la baisse. L'année 2023 s'est avérée pire que celle du… [+7559 chars]"
147,Joseph Stiglitz,"Joseph Stiglitz : « Le résultat des élections aux Etats-Unis dépend des perspectives économiques pour 2024, elles-mêmes liées à l’évolution du conflit au Moyen-Orient »",2023-12-29 15:00:04,"Si un événement doit dominer lannée 2024, ce sera très certainement lélection présidentielle américaine. A moins dun événement inattendu, nous assisterons probablement à une nouvelle confrontation en… [+2628 chars]"
148,Cécile Prudhomme,Le distributeur Grand Frais s’apprête à entrer dans Paris,2023-12-29 13:55:47,"A Toulouse, en 2019. PASCAL PAVANI / AFP
La manuvre a valeur de symbole. La chaîne de supermarchés de produits alimentaires Grand Frais sapprête à franchir les portes de la capitale. Un mouvement qu… [+2706 chars]"
149,Grégoire Poussielgue,"Chloé Morin : « Pour Emmanuel Macron, le rebond va être de plus en plus difficile »",2023-12-29 13:00:29,"Quels enseignements tirez-vous des débats autour de la loi immigration ?
J'en retiens d'abord un décalage entre l'opinion majoritaire et la manière dont cette loi a été traitée par les parlementaire… [+437 chars]"
150,Richard Hiault,Avis de gros temps sur la dette des pays en développement,2023-12-29 11:04:28,L'horizon n'est plus aussi radieux. L'année 2024 pourrait être de nouveau émaillée par plusieurs défauts de paiement sur la dette émise par des pays en développement. Le mouvement pourrait s'accélére… [+3601 chars]
152,Le Monde,Lutte anticorruption : l’exécutif ne peut être juge et partie,2023-12-29 10:27:05,"Alors que la défiance de nombre de citoyens envers les institutions et le personnel politique menace le fonctionnement de la démocratie, la lutte contre toutes les formes de corruption est un impérat… [+3226 chars]"
153,Grégoire Poussielgue,"Pour Emmanuel Macron, des voeux 2024 placés sous le signe de la crise politique",2023-12-29 10:00:54,"Le discours télévisé des voeux du président de la République obéit à des rituels : d'abord un retour sur l'année écoulée puis une esquisse de celle à venir. Mais pour Emmanuel Macron, le millésime 20… [+4528 chars]"
154,Christophe Ayad,Prévention du terrorisme : l’impossible risque zéro,2023-12-29 08:30:09,"Lautomne 2023 a vu la résurgence du risque terroriste en France. Deux attentats au couteau ont été commis au nom de lorganisation Etat islamique. Chacun deux pose, à sa manière, le problème de la pré… [+2904 chars]"
155,Richard Hiault,La Chine prise au piège de ses crédits accordés aux pays en développement,2023-12-29 06:46:57,"La Chine découvre à ses dépens le revers de la médaille de l'endettement excessif de ses créditeurs. Au cours des vingt dernières années, elle n'a pas cessé de tisser sa toile au niveau international… [+2950 chars]"
156,Sandra Bouillard,Bourse : les 7 chiffres fous des placements en actions,2023-12-29 06:15:11,"Les placements en actions sont prisés des Français pour leurs perspectives de gains attractives. Réputés risqués, ils représentent aussi aussi de véritables atouts pour le rendement de l'épargne des … [+4482 chars]"
159,Anne Drif,M&A : Lazard prend la tête d'un classement français très bousculé,2023-12-28 11:08:54,"Avis de secousses sur le marché du M&amp;A français. Le classement des banques d'affaires a été sérieusement bousculé cette année en plein recul des fusions-acquisitions , à 130 milliards de dollars … [+562 chars]"
160,Grégoire Poussielgue,Européennes 2024 : le camp Macron redoute les effets de la loi immigration,2023-12-27 16:12:16,"Et si les répercussions de la loi immigration, votée dans la douleur la semaine dernière, se faisaient sentir sur les élections européennes du 9 juin prochain ? S'il est encore trop tôt pour se faire… [+3654 chars]"
165,Anne Drif,M&A : les prix d'acquisition des PME décrochent,2023-11-24 16:16:47,"En mal de transactions, les banquiers d'affaires voient peut-être le bout du tunnel : les prix amorcent leur chute. Sur le troisième trimestre, pour acquérir une PME de la zone Euro, il fallait payer… [+374 chars]"
168,"Yves Bourdillon, Ingrid François-Feuerstein, Frédéric Schaeffer, Vincent Collen, Clément Perruche",Les dix évènements qui marqueront 2024,2024-01-01 16:06:29,"Etats-Unis : un remake du duel Biden Trump
Solveig Godeluck Correspondante à New York
On prend 2020, et on recommence? En 2024, il y a de fortes chances que les deux finalistes de l'élection présid… [+13745 chars]"
169,Grégoire Poussielgue,Elections européennes : Emmanuel Macron et Marine Le Pen installent leur duel,2024-01-01 14:05:50,"L'échéance est connue - les élections européennes du 9 juin 2024 - et le duel entre Emmanuel Macron et Marine Le Pen est lancé. Dimanche 31 décembre, à l'occasion de ses voeux aux Français , le chef … [+915 chars]"
170,Carole Bibily,20 photos marquantes de 2023,2024-01-01 10:52:52,"Les funérailles du Pape émérite Benoît XVI
La dépouille de Joseph Ratzinger, pape de 2005 à 2013, a été exposée dans la basilique Saint-Pierre de Rome.Andreas SOLARO/AFP
Pour la première fois depui… [+11062 chars]"
171,Les Echos,Le Japon frappé par un important séisme/tsunami mais sans dégâts majeurs,2024-01-01 09:50:42,"Un important séisme de magnitude 7,6 suivi d'une vingtaine de répliques a été enregistré au large du centre du Japon, lundi matin, occasionnant un tsunami contre lequel les autorités ont déclenché un… [+2625 chars]"
172,Hayat Gazzane,"Elections aux Etats-Unis, Russie, UE… Ces 8 scrutins de 2024 qui pourraient tout changer dans le monde",2024-01-01 09:05:15,"L'année 2024 sera très politique. L'an prochain, une trentaine de pays désigneront leur président, tandis que des élections parlementaires seront organisées dans une vingtaine d'autres. Quelque 4,1 m… [+9379 chars]"
173,Béatrice Madeline,Le smic augmente de 15 euros à partir du 1ᵉʳ janvier 2024,2024-01-01 09:00:04,"Comme tous les ans, le smic est revalorisé au 1er janvier pour tenir compte de linflation. Le salaire minimum de croissance passe donc de 1 383,08  euros en net mensuel (pour 35 heures de travail) à … [+2756 chars]"
174,Anne-Sophie Vion,Immobilier ancien : jusqu'où ira la baisse des prix en France ?,2024-01-01 07:55:23,"La crise annoncée sur le marché immobilier tricolore est devenue une réalité. En 2023, la poursuite de la dégradation des conditions d'accès au crédit, le maintien des pressions inflationnistes et le… [+528 chars]"
190,Grégoire Poussielgue,Loi immigration : la CMP a démarré sous haute tension,2023-12-18 18:28:40,"La politique est une affaire de dynamique, a coutume de rappeler Gérald Darmanin, le ministre de l'Intérieur. Une semaine après la claque du vote d'une motion de rejet à l'Assemblée nationale contre … [+762 chars]"
191,Marie-Christine Corbier,Loi immigration : la caution pour les étudiants étrangers inquiète universités et grandes écoles,2023-12-18 17:35:28,"La mesure inquiète présidents d'université et responsables de grandes écoles depuis des mois. Elle devrait finalement être mise en oeuvre, mais dans une version amendée. Selon nos informations, les p… [+3302 chars]"
192,Sébastien Dumoulin,Immobilier : plaidoyer pour une forte baisse des « frais de notaire »,2023-12-18 16:54:16,"La fiscalité du logement est inadaptée aux enjeux actuels. Ce n'est pas qu'elle soit excessive, explique un rapport publié ce lundi par le Conseil des prélèvements obligatoire (CPO), une émanation de… [+4214 chars]"
193,Grégoire Poussielgue,Loi immigration : les points chauds de la négociation entre le gouvernement et LR,2023-12-18 13:34:40,Deux heures et demie de réunion dimanche soir entre Elisabeth Borne et Gérald Darmanin d'un côté et les représentants des Républicains (LR) de l'autre n'ont pas été suffisants pour finaliser un accor… [+4943 chars]
194,Philippe Bertrand,Casino : Intermarché et Auchan emportent la mise,2023-12-18 13:27:09,"La nuit de dimanche à ce lundi a été longue en tractations pour les candidats à la reprise des supermarchés et hypermarchés Casino. Intermarché, qui s'est allié à Auchan pour le rachat des 320 magasi… [+381 chars]"
195,Le Monde,"Au Moyen-Orient, le risque de l’instabilité s’accroît dangereusement",2023-12-18 12:00:06,"Une extension régionale de la guerre livrée par Israël contre le Hamas à Gaza était redoutée à la frontière de lEtat hébreu avec le Liban, mais cest bien plus au sud quelle se produit. Depuis que les… [+3236 chars]"
196,Philippe Escande,Fin du bonus à l’achat de voitures électriques en Allemagne : « On peut difficilement faire plus brutal »,2023-12-18 09:46:10,"Des Renault Zoé chez un concessionnaire automobile à Kempten, en Allemagne, le 4 avril. IMAGO / IMAGO/ACTION PICTURES VIA REUTER
Les seize juges du Tribunal fédéral constitutionnel de Karlsruhe, en … [+2673 chars]"
197,Nicolas Cuzacq,« Le législateur devrait proposer une formule de calcul de la participation spécifique pour les entreprises de moins de 50 salariés »,2023-12-18 05:00:19,Favoriser un meilleur partage de la valeur ajoutée dans les entreprises de moins de 50 salariés est une impérieuse nécessité pour éviter un salariat à deux vitesses avec dun côté les salariés des gra… [+2536 chars]
198,Olivier Pinaud,"Vincent Bolloré et Vivendi, le coup de sa vie",2023-12-18 04:15:00,"Vincent Bolloré, à Paris, en 2015. JACQUES DEMARTHON / AFP
Des jolis coups, Vincent Bolloré en a fait dans sa carrière : la Société commerciale daffrètement et de combustible (SCAC) au milieu des an… [+2596 chars]"
199,Claire Legros,Améliorer le référendum pour le rendre enfin « démocratiquement correct »,2023-12-15 17:30:02,"Cest lun des plus anciens dispositifs de la boîte à outils démocratique, et aussi lun des plus controversés en philosophie politique et constitutionnelle. De la revendication dun référendum dinitiati… [+2638 chars]"
201,Service vidéo du Monde,Vidéo. En images : Vladimir Poutine réitère son objectif en Ukraine,2023-12-14 15:47:34,"<li>Parce quune autre personne (ou vous) est en train de lire Le Monde avec ce compte sur un autre appareil.
Vous ne pouvez lire Le Monde que sur un seul appareil à la fois (ordinateur, téléphone ou… [+626 chars]"
203,"Philippe Bertrand, Stephane Frachet",Les magasins Casino deviennent un sujet social et politique,2023-12-05 05:30:27,"Ce mardi 5 décembre débute le préavis de grève déposé par l'intersyndicale du groupe Casino. Les cinq syndicats du distributeur SNTA FO, CGT, CFDT, Unsa et CGC ont décidé de faire cause commune, comm… [+582 chars]"
204,Les Echos,"Inquiets, les salariés de Casino lancent un préavis de grève",2023-12-01 15:59:22,"Les syndicats sont vent debout chez Casino face à la débâcle de l'enseigne . Les cinq organisations syndicales du groupe - FO, CGT, CFDT, UNSA, CFE-CGE - qui se sont réunies en intersyndicale, ont an… [+2887 chars]"
205,Raphaëlle Laurent,VIDEO - Défense : est-ce que les Européens peuvent reprendre le contrôle de leur sécurité ?,2023-11-22 10:00:24,"Les médias sont unanimes : pire qu'une blessure, c'est une trahison. En mars 2022, l'Allemagne annonce qu'elle va commander 35 avions de chasse F-35 aux Américains. Au-delà du symbole, cette commande… [+1321 chars]"
210,Philippe Bertrand,Intermarché contraint de revendre trois Casino trois mois après leur achat,2023-12-27 17:58:44,"A peine accrochée, déjà descendue. L'enseigne Intermarché n'aura pas tenu plus que quelques semaines au fronton des hypermarchés de Vals-près-le-Puy (Haute-Loire) et de Lons-le-Saunier (Jura), ainsi … [+572 chars]"
211,Les Echos,"Mort de Jacques Delors, le « tsar de Bruxelles »",2023-12-27 17:17:47,"Les Français ont perdu un père spirituel. Ils ne verront plus la silhouette discrète de Jacques Delors, mort dans son sommeil ce mercredi à l'âge de 98 ans, ni ses yeux bleus plissés par la malice. A… [+10974 chars]"
212,Laurent Thévenin,Taxe foncière : la facture va encore s'alourdir en 2024,2023-12-27 16:58:11,"Le tarif minimal est connu. En 2024, les propriétaires verront leur taxe foncière augmenter de 3,9 % dans le meilleur des cas, en raison de la revalorisation forfaitaire des valeurs locatives qui ser… [+1998 chars]"
213,Sébastien Dumoulin,Impôts : ce qui change pour les entreprises en 2024,2023-12-27 15:53:39,"Le gouvernement l'avait promis : pas de hausse d'impôt en 2024. Il a tenu parole. « Dans un contexte de majorité relative, il n'y a pas de big bang fiscal. La trajectoire correspond tout de même aux … [+341 chars]"
215,Le Monde,Le double jeu dangereux de la Serbie,2023-12-27 10:00:00,"Loin des champs de bataille dUkraine, un autre front de la guerre russe se déploie dans les Balkans, où Moscou tente dexploiter les tensions nationalistes contre laspiration des pays de la région à r… [+3208 chars]"
216,Jessica Gourdon,"Dans les palaces, les nouvelles frontières de l’hyperluxe",2023-12-27 03:30:08,"Pour cajoler un client, chaque palace a ses petits trucs. Prenez Le Royal Monceau. En octobre, cet hôtel parisien, qui appartient à un fonds souverain qatari, avait pour client Andreas Grasshoff, un … [+2926 chars]"
222,Laureline Savoye,Vidéo. Le Sénégal manque de poisson (mais il y a peut-être une solution),2023-12-22 08:49:45,"Cest au fond du campus de lInstitut sénégalais de recherches agricoles (ISRA), dans le quartier de Bel Air, à Dakar, que des chercheurs, en relation avec lInstitut de recherche et de développement (I… [+1752 chars]"
223,Christophe Frionnet,Impôt : coup de pouce supplémentaire aux attributions gratuites d'actions (AGA),2023-12-20 11:00:25,"En matière d' impôt sur le revenu , le gain égal à la valeur des actions remises gratuitement à un salarié par l'entreprise dans le cadre du dispositif des articles L 225-17-1 et s. du Code de Commer… [+1852 chars]"
225,Sébastien Dumoulin,Impôts : la taxe foncière pèse moins sur les riches propriétaires,2023-12-18 18:09:04,"La taxe foncière est-elle un impôt injuste ? Selon une note de l'Insee dévoilée ce lundi, elle pèse en tout cas bien plus sur les petits propriétaires que sur les plus riches. Cela est vrai à la fois… [+2841 chars]"
226,Stéphanie Riou-Bernard,Impôt : zoom sur les avantages du plan de partage de la valorisation de l'entreprise (PPVE),2023-12-14 07:00:28,Le PPVE est l'un des outils institués par la loi Partage de la valeur. Il permet aux entreprises de verser une prime à leurs salariés en fonction de l'augmentation de la valeur de l'entreprise consta… [+274 chars]
230,Le Monde,« Le système de financement de la santé risque d’imploser en 2024 en France »,2024-01-08 14:30:08,"Les cotisations aux assurances complémentaires santé augmenteront en moyenne de 8,1 % en 2024, selon une enquête réalisée par la Mutualité française. Soit un prélèvement supplémentaire de 3,3 milliar… [+2696 chars]"
231,Les Echos,Rolls-Royce a battu un nouveau record de ventes en 2023,2024-01-08 12:22:09,"Le constructeur de voitures de luxe britannique Rolls-Royce a connu une nouvelle année de ventes « record » l'an dernier, et se félicite, dans un communiqué publié ce lundi, du succès de son modèle é… [+368 chars]"
232,Véronique Le Billon,Automobile : Stellantis doublé par Hyundai aux Etats-Unis,2024-01-08 11:53:07,"Petite révolution au coeur de l'automobile américaine. Les ventes du constructeur sud coréen Hyundai y ont dépassé celles de Stellantis, propriétaire des pourtant iconiques Chrysler, Jeep et autres D… [+332 chars]"
233,Nathalie Steiwer,Le patronat allemand alerte sur la montée de l'extrême droite,2024-01-08 11:00:24,"L'AfD est « néfaste pour l'économie et la réputation de l'Allemagne dans le monde ». L'alerte lancée par le président de la fédération industrielle allemande (BDI), Siegfried Russwurm, fin décembre a… [+4128 chars]"
234,Le Monde,Inondations dans le Pas-de-Calais : un cas d’école,2024-01-08 09:30:01,"Où sont-ils ? Que font-ils ? Le désarroi dans lequel se trouvent plongés les habitants du Pas-de-Calais, victimes de deux crues décennalesen deux mois, alors que lhiver ne fait que commencer, se reto… [+3460 chars]"
235,Philippe Escande,Economie française : « Tentons d’imaginer 2024 comme porteuse de bonnes surprises »,2024-01-08 08:00:07,"Lhomme oscille toujours entre pessimisme et optimisme, entre le verre à moitié vide et celui à moitié plein, au gré de ses humeurs. Jamais à court de paradoxes, les gourous du management ont détourné… [+2415 chars]"
236,Jean-Michel Bezat,Défense : l’industrie française menacée par de nouveaux concurrents,2024-01-07 15:17:31,"Le Rafale F4, sur la base aérienne de la marine française de Landivisiau (Finistère), le 19 octobre 2023. FRED TANNEAU / AFP
La France arbore fièrement la réussite de ce quil est convenu dappeler la… [+2975 chars]"
237,Nicolas Truong,"En ces temps tragiques, que nous est-il permis d’espérer ?",2024-01-05 17:30:08,"Partout, lhorizon semble obstrué. Et lavenir fracassé. La prégnance des guerres accentue la sensation de dévastation planétaire. A tel point que linquiétude géopolitique semble reléguer à larrière-pl… [+2484 chars]"
239,Les Echos,"VIDEO - Au Japon, un bilan humain et matériel qui s'alourdit après le séisme",2024-01-02 11:26:36,"Les secours s'organisent au Japon. Le centre du pays a été frappé lundi par un puissant séisme d'une magnitude de 7,5 selon l'Institut américain de géophysique. Des images aériennes révèlent l'ampleu… [+1035 chars]"
240,Service vidéo du Monde,Vidéo. En images : l’Ukraine touchée par « un nombre record de missiles » lancés par la Russie,2023-12-29 14:46:51,"La Russie a lancé, vendredi 29 décembre, « un nombre record de missiles » depuis le début de linvasion de lUkraine, selon les autorités ukrainiennes. Les bombardements ont entre autres visé Kiev, Kha… [+492 chars]"
243,"Brieuc Beckers, Elsa Longueville",Pourquoi l’avenir du Moyen-Orient dépend autant d’Israël,2023-12-27 16:00:09,"La guerre entre Israël et le Hamas à Gaza était-elle inévitable ? En 2020, le président américain Donald Trump annonçait fièrement un accord de paix entre Israël, Bahreïn et les Emirats arabes unis. … [+1318 chars]"
244,Lionel Steinmann,Toyota assuré de rester premier constructeur automobile mondial en 2023,2023-12-27 10:51:17,"Malgré le scandale qui l'a contraint à interrompre la production d'une partie de ses modèles la semaine dernière, Toyota semble bien très parti pour conserver sa couronne de premier groupe automobile… [+500 chars]"
246,Guillaume Guichard,Comment Stellantis a finalement réussi à convaincre la Bourse,2023-12-12 16:35:43,"Un brin voûté sur sa chaise, le patron du groupe automobile, Carlos Tavares, boit du petit-lait malgré son visage impassible. « Tout le monde dans cette salle peut apprécier la performance exceptionn… [+5986 chars]"
247,Julien Dupont-Calbo,Un pick-up hydrogène : la réponse de Stellantis au Cybertruck de Tesla,2023-12-05 15:04:11,"C'est la réponse de Carlos Tavares au lancement du Cybertruck d'Elon Musk. Si Tesla fait les gros titres avec son hallucinant pick-up électrique , Stellantis entend vite commercialiser une version hy… [+486 chars]"
251,Ingrid Feuerstein,"Trois ans après le Brexit, la City continue de transférer des emplois vers l'Europe",2024-01-04 11:31:07,"C'était il y a trois ans. La City, plongée dans la torpeur née du Covid, était en train de vivre une bascule inédite . Tenue à l'écart de l'accord commercial sur le Brexit signé quelques jours plus t… [+4680 chars]"
252,Paul Turban,"Inflation : Pepsi, 7up, Lay's… Carrefour boycotte PepsiCo, Leclerc « tenté » de suivre",2024-01-04 10:05:11,"« Carrefour, engagé pour faire baisser les prix » jusqu'au bras de fer. Le géant de la grande distribution ne vend plus, depuis ce jeudi, de produits de l'agro-industriel PepsiCo France. Il accuse l'… [+3143 chars]"
253,Le Monde,Israël : le désaveu de la Cour suprême,2024-01-04 10:00:06,"Un an presque jour pour jour après que le gouvernement le plus radical de lhistoire dIsraël a lancé sa réforme de la justice, la Cour suprême du pays a fini par enterrer ce projet, lundi 1er janvier.… [+3271 chars]"
254,Nathalie Silbert,"Légère remontée de l'inflation en France en décembre à 3,7 %",2024-01-04 08:33:25,"Petit sursaut d'inflation en fin d'année. En décembre, la hausse des prix en France a légèrement accéléré, à 3,7 % sur un an après 3,5 % en novembre dernier selon l'estimation provisoire de l'Insee p… [+1235 chars]"
255,Eric Albert,"Dès aujourd’hui, les grands patrons britanniques ont gagné autant qu’un salarié moyen en un an",2024-01-04 07:13:41,"Il leur a fallu cette année une heure de moins que lannée dernière. Jeudi 4 janvier 2024, à 13 heures, les patrons du FTSE 100, les cent premières entreprises cotées du Royaume-Uni, ont déjà gagné lé… [+2439 chars]"
256,Marie-Eve Frénay,"Livret A, LEP, PEL… les nouveaux taux de l'épargne réglementée",2024-01-04 06:15:07,"L'engouement de 2023 pour l'épargne réglementée va-t-il se poursuivre en 2024 ? En dépit d'une décollecte en octobre et en novembre dernier, le Livret A et son petit frère, le Livret de développement… [+7122 chars]"
257,Nathalie Gimenes,« La transparence sur les informations sociales et environnementales incite les entreprises à mener une réflexion stratégique au service de leur pérennité »,2024-01-04 06:00:06,"La France a été, le 6 décembre 2023, le premier pays de lUnion européenne à transposer dans son droit national la nouvelle directive européenne (Corporate Sustainability Reporting Directive, ou CSRD)… [+2743 chars]"
258,Joséphine Boone,"Le gouvernement veut s'attaquer à la « shrinkflation », l'inflation masquée en supermarché",2024-01-03 14:24:58,"C'est une pratique qui laisse un goût amer aux consommateurs. Paquets de chips ou pots de yaourts moins remplis, boîtes de chocolats plus petites Depuis que l'inflation a commencé à déferler dans les… [+3856 chars]"
259,Nathalie Silbert,Patrick Artus : « Le reflux de l'inflation sera moins fort qu'annoncé »,2024-01-03 06:30:39,"Bercy comme la plupart des économistes prévoient un net ralentissement de l'inflation en France en 2024. Qu'en pensez-vous ?
Ce n'est pas mon scénario. Je ne crois pas à un reflux de l'inflation aus… [+347 chars]"
260,Service vidéo du Monde,Vidéo. Les images de l’embrasement de l’avion de la Japan Airlines à Tokyo-Haneda,2024-01-02 12:35:47,"Après une heure de vol, lAirbus A350 de la Japan Airlines (JAL) effectuant le vol JL516 sest posé sur une piste de laéroport international de Tokyo-Haneda, mardi 2 janvier. Après avoir parcouru quelq… [+574 chars]"
261,Eric Albert,« La City de Londres s’intéresse de très près au Labour britannique et ce dernier fait tout pour lui plaire »,2024-01-02 08:30:07,"Courant décembre, le Parti travailliste a annoncé pour février la tenue dune conférence consacrée à sa politique industrielle et économique. A priori, rien que de plus banal. La même conférence sest … [+2497 chars]"
262,Service vidéo du Monde,Vidéo. En images : le Japon touché par un important séisme,2024-01-01 11:29:02,"Les images de caméras de surveillance témoignent de la force du séisme qui a touché une partie ouest du Japon, lundi 1er janvier. Depuis, plus de cent cinquante secousses ont été recensées. Les autor… [+401 chars]"
263,Philippe Bernard,"« La France du “mais quand même…”, sans cesse occupée à négocier une exception à la règle, complique le vivre-ensemble »",2023-12-31 05:15:08,"Lune des choses qui frappent les étrangers en France est notre rapport très flexible aux règles. Bien sûr, nous savons que les lois et autres normes du droit ou de la vie en société sont indispensabl… [+2434 chars]"
272,Pascal Brunel,Israël devrait disposer d'un canon laser dès 2024,2023-12-30 16:23:30,"Un canon au laser israélien : cette arme, qui rappelle des bandes dessinées de science-fiction des années 50, est sur le point de devenir réalité. La centaine d'ingénieurs et techniciens de Rafael qu… [+457 chars]"
273,Les Echos,Trains annulés : grosse pagaille pour des milliers de passagers d'Eurostar avant le nouvel An,2023-12-30 15:18:34,"Après la grève surprise qui a paralysé le tunnel sous la Manche la semaine dernière avant Noël, le trafic des trains Eurostar a été suspendu ce samedi, en raison d'une inondation des voies dans le su… [+2122 chars]"
274,Le Monde avec AFP,Le trafic Eurostar en provenance et vers Londres reprendra de manière normale dimanche après une journée d’annulations complète,2023-12-30 13:55:57,"Des passagers de lEurostar attendent dans le hall de la gare du Nord, samedi 30 décembre 2023 à Paris, France, après lannulation des services à grande vitesse au Royaume-Uni en raison de linondation … [+2947 chars]"
275,Laurent Thévenin,Les villes maintiennent leurs efforts pour réduire leurs factures d'énergie,2023-12-30 10:00:15,"Sobriété énergétique, saison 2. Après avoir multiplié les mesures d'économies fin 2022 pour limiter la casse face à la flambée des prix de l'électricité et du gaz, les collectivités locales poursuive… [+622 chars]"
277,Dominique Méda,"Dominique Méda, sociologue : « Confirmer le tournant social de l’Union européenne est la meilleure manière de rendre moins attractifs les discours de l’extrême droite »",2023-12-30 04:00:06,"Pourquoi lextrême droite progresse-t-elle en Europe ? Un article de léconomiste américain Dani Rodrik fournit une synthèse passionnante de la littérature socio-économique sur ce sujet. Selon lauteur,… [+2601 chars]"
281,"Brieuc Beckers, Elsa Longueville",Pourquoi l’avenir du Moyen-Orient dépend autant d’Israël,2023-12-27 16:00:09,"La guerre entre Israël et le Hamas à Gaza était-elle inévitable ? En 2020, le président américain Donald Trump annonçait fièrement un accord de paix entre Israël, Bahreïn et les Emirats arabes unis. … [+1394 chars]"
