,source,author,title,description,url,urlToImage,publishedAt,content
0,"{'id': 'le-monde', 'name': 'Le Monde'}",Nicolas Lepeltier,"Jeux paralympiques 2024 : Charles Noakes, petite taille mais immense talent du para badminton",Le joueur de Saint-Herblain a remporté la médaille d’or dans la catégorie SH6 réservée aux personnes de petite taille pour sa première participation aux Jeux paralympiques. Un titre venu couronner une journée exceptionnelle pour le para badminton tricolore qu…,https://www.lemonde.fr/sport/article/2024/09/03/jeux-paralympiques-2024-charles-noakes-petite-taille-mais-immense-talent-du-para-badminton_6302518_3242.html,https://img.lemde.fr/2024/09/02/219/0/3187/2124/1440/960/60/0/61a9f28_2024-09-02t205729z-1961506152-up1ek921m7rpx-rtrmadp-3-paralympics-2024-badminton.JPG,2024-09-03T00:37:19Z,"Le Français Charles Noakes lors de la finale de para badminton lopposant au Britannique Krysten Coombs, à la Porte de La Chapelle Arena, à Paris, le 2 septembre 2024. JENNIFER LORENZINI / REUTERS
Po… [+2666 chars]"
1,"{'id': 'google-news-fr', 'name': 'Google News (France)'}",RTL,"Nouveau Premier ministre : après Cazeneuve, Xavier Bertrand reçu à l'Élysée - RTL",,https://news.google.com/rss/articles/CBMiywFBVV95cUxQVV9kS3NlVnhtV3F1ZVVQZ0NKZUpRQlg5SEJDRV9Sd25qNHg1RHJTaXVkeGNMd0stdXQyeXVvcUJQblo0S2l0c3hweHV4aE1SbS1mZkdoTFZab0RFYUxobzdSMUVJbGlPODdJdnpKajJFS09KSVNGVllfSEY4ZzBjR0lQRHhTUmVUZzZyM2xSQjhnUzFyV29YaGtHRVFiWnpEek5vbVJqblhuclVIdWxvM1BvYWFvaFUxODhBd0J1YWZEWlJ2NGt1Tm94RQ?oc=5,,2024-09-02T20:32:18+00:00,
2,"{'id': 'google-news-fr', 'name': 'Google News (France)'}",CNEWS,Marseille : une professeure des écoles décède devant ses élèves après un malaise - CNEWS,,https://news.google.com/rss/articles/CBMitgFBVV95cUxPbVE4bkdKS25Yb2VtR09Rbkk2LVZibnc1dnR1Z2lJRUpzajlhTnNmdGd2bUJERmthbS1GczBPZ2JiUVRvUEtjUjJ3NTdoZ21uZ2dsX0wtYzBSREJkSWlyYnctS3RmeG9LZmduWHprR2M3MS1HVlBnN1JQNTJfbkswRVpCcWxMN3FSenhFUkpCVzF1MThIQlhXXzNoQXAwSktfUlY2SndzZmhXbUtmc1pkclNLRVRWZw?oc=5,,2024-09-02T20:27:29+00:00,
3,"{'id': 'google-news-fr', 'name': 'Google News (France)'}",franceinfo,"Le surcroît de dépenses des collectivités pourrait aggraver de 16 milliards d'euros le déficit de 2024, selon Bruno Le Maire - franceinfo",,https://news.google.com/rss/articles/CBMijgJBVV95cUxOVmpfUE5VVW5aMUNkbXRwbHM0dmFpdVA4VG1uakVCajZYbWN6cWwzTWtVMmZkUEZrMnpBWFRMdDd2WTBUclZLUUozS3UwM0dKTm5GdW5ablFSU2ZwSDFxRERRN0dCRXlNYU8wdmNidkN0ZElpcHF2cnVmU2ZrNGF4Y3RMWHJCSkZVSTU0MVFvMHZBa2dqMFdEeUZLR2VHc2syYUdIaHBjb0lreXdwUEd5OVFjS0hrOXBQbjVicGRaam1VdlZOUUNDWjdfNF83elltUnZPZkZqRDRNcGZ2OGk3Qm9BUGl0ei1pN0llX0xXTld4a29JeWhvNFBKdnk4RktLVW5uSFFlZmRfZnVVcmc?oc=5,,2024-09-02T20:03:21+00:00,
4,"{'id': 'google-news-fr', 'name': 'Google News (France)'}",L'Indépendant,"Traîné sur 100 de mètres, ""son corps sectionné en deux et démembré"" : un cycliste de 51 ans mortellement percuté par une Lamborghini de location - L'Indépendant",,https://news.google.com/rss/articles/CBMimwJBVV95cUxNWlYwOE4xTy0tajE5TlFGNU02cEV0cl9RNFVGXzdmc1BjT3lnVzZ0TkV3YVM3cWlyOFFTcFV2SGFJRC1lblNSR3NPTmpnN3d0VlBSd3B4VlZZRjlqTkE1ZTBSLW4yNEdBakg1WHhmUENnMHI2d0d2WWhma1NKMmd4WVUwNUpzOTFLdFlTeGE2ZjNGY2QtY3ZUNGVCWWxMMncyUDVxeUMzd2txY1hwSVBLWFpFOVR6bGVONzNISVM4VjBZMXJVaU0xTVcwcjZReFpCNno2Skl5aC1YQVgzMDQ0U3dnMDVOYWlqU3R0RkJuMEVySUNra0tHcG5ieG1fTkRTbmlVZjZYTm9hWVNDTmNEZTRkRUNEQUl5UUdz?oc=5,,2024-09-02T20:02:00+00:00,
5,"{'id': 'le-monde', 'name': 'Le Monde'}","Anthony Hernandez, Elisabeth Pineau","Jeux paralympiques 2024 : avec les triomphes d’Alexis Hanquinquant et Jules Ribstein, le rêve éveillé du triathlon français","Le Normand, porte-drapeau de la délégation tricolore, et l’Alsacien ont confirmé leur statut de favoris dans leurs catégories. Thibaut Rigaudeau et Antoine Perel décrochent, eux, l’argent et le bronze.",https://www.lemonde.fr/sport/article/2024/09/02/jeux-paralympiques-2024-avec-les-triomphes-d-alexis-hanquinquant-et-jules-ribstein-le-reve-eveille-du-triathlon-francais_6302416_3242.html,https://img.lemde.fr/2024/09/02/0/0/7672/5115/1440/960/60/0/f25d5a6_7a29cabd011648a181fb8fd4d00829c5-0-8c6524aaa7794a869d78fd0bf9459bbf.jpg,2024-09-02T19:50:41Z,"Le triathlète Alexis Hanquinquant remporte son deuxième titre paralympique, le 2 septembre 2024 à Paris. THIBAULT CAMUS / AP
« Dans mon rêve, cest grandiose, noir de monde, ça crie, ça chante et enf… [+2477 chars]"
6,"{'id': 'google-news-fr', 'name': 'Google News (France)'}",Libération,Otages à Gaza : Nétanyahou face à un pays à bout - Libération,,https://news.google.com/rss/articles/CBMi0gFBVV95cUxNV2ZWZWJfVU1ld09adGJMT1pwUmFBeDkwU2xqbGdzTWVlZ0ZQb25USmNQZlEtQWJTeDB1UENLRlF4V0xNZlhzSF94MVViUklaYnhDY2NkeEN1RVdhNmdkSF9hQ2ZuSTd4aGNhWmhDOWU5aEd2X0pmRDhQT1lLclozbmRhQ0JodEljQklKQk5Qdl9tYnlHd3NXRFZBc1phcm0xQnluQnZ6aVdTeC1fS2VtY2tNMWNSamx5ZXNQaU5kMExMRmhQQ2xoeDJMRkxmM0k1SlE?oc=5,,2024-09-02T19:38:58+00:00,
7,"{'id': 'les-echos', 'name': 'Les Echos'}",Nicolas RAULINE,EDF a obtenu le dernier feu vert pour le démarrage de l'EPR de Flamanville,L'Autorité de sûreté nucléaire a donné son accord pour la divergence de l'EPR. L'énergéticien va désormais pouvoir activer les neutrons au coeur du réacteur et atteindre le seuil de la réaction en chaîne. Livraison des premiers électrons attendue à la fin de …,https://www.lesechos.fr/industrie-services/energie-environnement/edf-a-obtenu-le-dernier-feu-vert-pour-le-demarrage-de-lepr-de-flamanville-2116474,https://media.lesechos.com/api/v1/images/view/66d5f75acca86845151f7a99/1280x720/01201019904924-web-tete.jpg,2024-09-02T18:48:00Z,Le compte à rebours est cette fois lancé. EDF a obtenu ce lundi à 17 heures le feu vert de l'Autorité de sûreté nucléaire (ASN) pour la divergence sur son réacteur nucléaire de troisième génération s… [+2670 chars]
8,"{'id': 'les-echos', 'name': 'Les Echos'}",Renaud HONORÉ,"EXCLUSIF - Budget 2024 : Bercy tire la sonnette d'alarme sur le déficit qui risque de déraper à 5,6 % du PIB","Le gouvernement démissionnaire a envoyé ce lundi des documents budgétaires aux principaux responsables parlementaires. Une note du Trésor pointe un risque de dérapage du déficit à 5,6 % du PIB, bien supérieur aux 5,1 % visés. Le prochain Premier ministre devr…",https://www.lesechos.fr/economie-france/budget-fiscalite/exclusif-budget-2024-bercy-tire-la-sonnette-dalarme-sur-le-deficit-qui-risque-de-deraper-a-56-du-pib-2116472,https://media.lesechos.com/api/v1/images/view/66d606ef153bbb64de66c2b8/1280x720/01201013875339-web-tete.jpg,2024-09-02T18:41:46Z,"Comme cadeau de bienvenue, il y a mieux. Le prochain locataire de Matignon devrait faire une grimace en découvrant les dossiers budgétaires qui trôneront sur son bureau : les comptes publics risquent… [+917 chars]"
9,"{'id': 'le-monde', 'name': 'Le Monde'}",Simon Roger,"Jeux paralympiques 2024 : en aviron, mieux vaut laisser son téléphone au ponton","Troisième de la finale de skiff PR1, dimanche, l’Italien Giacomo Perini a été exclu de la course pour avoir embarqué un moyen de communication à bord de son bateau.",https://www.lemonde.fr/sport/article/2024/09/02/jeux-paralympiques-2024-en-aviron-mieux-vaut-laisser-son-telephone-au-ponton_6302346_3242.html,https://img.lemde.fr/2024/09/02/0/0/7870/5246/1440/960/60/0/bcb6992_1725301901840-000-36f68md.jpg,2024-09-02T18:35:34Z,"Dans le stade nautique de Vaires-sur-Marne (Seine-et-Marne), la rumeur se répand comme une brise légère aux abords du plan deau en ce dimanche 1er septembre. Puis cest une vague qui vient secouer les… [+2543 chars]"
10,"{'id': 'google-news-fr', 'name': 'Google News (France)'}",Le Figaro,"Guillaume Tabard : «Avec Beaudet comme premier ministre, contourner les partis et sauver le macronisme» - Le Figaro",,https://news.google.com/rss/articles/CBMi2AFBVV95cUxOUDlZdHBoYVk5aVNhQU1FT2ptVk95MVVuMXYxd0YxanlvdGJYdmd2S2RHQjk5LXFVVENVcnJVY05FZm1jSVZQY19VY3FXQnNROURoY0NXRHEycGMwTU1Zb0czRDU1RFFmMHh1Sk5hcHhVX1JQdDM2VlpRODNmc0Z0dTl5d0J5WjMzSGlKLVdkMXF1V19NcWtMMnJ1cVhVcWNsR2RvMXB0WVdvbjgydmwyRmQzaXAzbU9DNEhDTWVubjhBakU0NTJuU1Rnd09fTkxERjlhS0lfX0M?oc=5,,2024-09-02T17:55:06+00:00,
11,"{'id': 'google-news-fr', 'name': 'Google News (France)'}",Ouest-France,Les États-Unis annoncent avoir saisi l’avion du président du Venezuela Nicolas Maduro - Ouest-France,,https://news.google.com/rss/articles/CBMi-AFBVV95cUxPVEFuSWdReVlUY1lhNGprUXFNNnBoMzg2S3hJRTZnTGNubl9IY294NVZweWRDZmlVR2c3b2p4WEhGdnJ1Si1YRFV5OGJDM2dLNFhIeVA4b3hFMlVoSHRMalFuX1hsbnpidjJYMDlHUkptaHRhLUZjZzQ4WHBoRVRyUjZwMmlReFdia2tKMHk5ekg3V3NWZWpvdS1NdWwydHZCUkxGYV9zTmtTWENob3NJUXVKQXNqN1ZQMWIyUDdrODdiSHF3cm56MWhMaHp2V0lId3BTQ09WWWF3VGo4R3R4UFFPemRSSEY4UFNUaWl3VHRTU2FPQjB5Tg?oc=5,,2024-09-02T17:46:24+00:00,
12,"{'id': 'les-echos', 'name': 'Les Echos'}","Isabelle FICEK, Grégoire POUSSIELGUE, Leïla de COMARMOND",Nouveau Premier ministre : Emmanuel Macron teste l'option surprise de Thierry Beaudet,"Le chef de l'Etat a mené une nouvelle journée de consultations ce lundi. Le nom du président du Cese, Thierry Beaudet, a surgi pour occuper Matignon, mais il est loin de faire l'unanimité. Emmanuel Macron est accusé de vouloir garder la main malgré le résulta…",https://www.lesechos.fr/politique-societe/emmanuel-macron-president/nouveau-premier-ministre-emmanuel-macron-teste-loption-surprise-de-thierry-beaudet-2116470,https://media.lesechos.com/api/v1/images/view/66d5f96044fad014682452ed/1280x720/01201017144817-web-tete.jpg,2024-09-02T17:43:54Z,"Thierry Beaudet, président depuis 2021 du Conseil économique, social et environnemental (Cese), nommé à Matignon ? Les indiscrétions ont surgi ce lundi en fin de matinée, pendant qu'Emmanuel Macron m… [+5240 chars]"
13,"{'id': 'les-echos', 'name': 'Les Echos'}","Isabelle FICEK, Grégoire POUSSIELGUE, Hadrien Valat",Nouveau Premier ministre : le récit d'une journée de folles tractations à l'Elysée,"Depuis le 23 août, Emmanuel Macron reçoit à l'Elysée les représentants politiques. La journée de ce lundi a marqué une intensification des discussions.",https://www.lesechos.fr/politique-societe/emmanuel-macron-president/nouveau-premier-ministre-le-recit-dune-journee-de-folles-tractations-a-lelysee-2116464,https://media.lesechos.com/api/v1/images/view/66d5f28b093568667440f4c9/1280x720/01201009045341-web-tete.jpg,2024-09-02T17:14:47Z,"Consultations, suite. Depuis le 23 août, Emmanuel Macron multiplie les rencontres à l'Elysée pour trouver une issue à la crise politique et nommer un nouveau Premier ministre, puis un gouvernement. E… [+8397 chars]"
14,"{'id': 'google-news-fr', 'name': 'Google News (France)'}",CNEWS,Fillette percutée à Vallauris : Kamylia devrait être inhumée en Tunisie en fin de semaine - CNEWS,,https://news.google.com/rss/articles/CBMitwFBVV95cUxPbFlDSTdyU09La2RfUTZaN2k5V0tCYWV2NzQzcnJvZG42VWdWQUlrSmtaSjZldHlpOVRDM3UydEw2S1k1eVF2ZDZFUkhQWFhWNmN5NVZvblNIWUFkdlFoX0VrRDlQYmhvOFNaWEhwMXA1S3lXcUROWXFWa1JaZnFaaHNOanUyLUFFSG9hajFKdWRQbnpCeU5vcDdrYm9ydVZJeWNfNnIyUE5GX1NIQndsWG1YYlRLOUE?oc=5,,2024-09-02T17:12:15+00:00,
15,"{'id': 'google-news-fr', 'name': 'Google News (France)'}",RFI,"Soumission chimique et viols: en France, début du procès hors norme de Dominique Pélicot - RFI",,https://news.google.com/rss/articles/CBMi1gFBVV95cUxNU1dFWlhrWU9BQTFvUzRNQ3BUdk92cV9zckE1OHNVa3JCcXlLNnlJNXljS1NDWHQ0Ukt2YmZWVWNscEFoaGQ3ZGEtbFYyOFhJREdOQ0pMR2prZ3g4TEwxMW81VEtzNlZycE9xc1dvbGltWTk2M0JKMC04X1lMQlNsSWVVelp3R1J6MUtXUDdwLV9DcmM5aHNzWTdBX0V2cEJqejZnSzg0am42N2x3dmNmZDB1X2RtWlVvbXhrRWx3R0Fac3l3UndDRmtlendZeG9PYnNOaVBR?oc=5,,2024-09-02T16:16:40+00:00,
16,"{'id': 'les-echos', 'name': 'Les Echos'}",David BARROUX,Quand les PME vont… tout va,Les petites entreprises sont le poumon de notre économie. Le futur gouvernement n'a même pas besoin de chercher particulièrement à les aider. Il faudra juste éviter de leur compliquer une fois de plus la vie.,https://www.lesechos.fr/idees-debats/editos-analyses/quand-les-pme-vont-tout-va-2116442,https://media.lesechos.com/api/v1/images/view/66d5da736464b62fb32114ac/1280x720/01201016155766-web-tete.jpg,2024-09-02T15:31:58Z,"Quelle que soit l'identité ou la couleur politique du futur Premier ministre, il y a une réalité économique qu'il ne pourra pas ignorer : quand les PME vont tout va. Dans une France surtout connue et… [+2306 chars]"
17,"{'id': 'le-monde', 'name': 'Le Monde'}",Pierre Lepidi,"Jeux paralympiques : Aurélie Aubert, une vie au rythme de la boccia","La Française s’est imposée (5-4) en finale, lundi, décrochant ainsi le premier titre paralympique tricolore dans cette discipline dont les règles sont proches de celles du curling et de la pétanque.",https://www.lemonde.fr/sport/article/2024/09/02/jeux-paralympiques-aurelie-aubert-une-vie-au-rythme-de-la-boccia_6302290_3242.html,https://img.lemde.fr/2024/09/02/0/0/8256/5504/1440/960/60/0/d5ba1f6_5566591-01-06.jpg,2024-09-02T15:26:10Z,"Aurélie Aubert et Claudine Llop, son assistante de jeu, après la victoire de la Française en finale du tournoi paralympique de boccia, le 2 septembre 2024, à Paris. JULIEN DE ROSA / AFP
Un titre oly… [+3317 chars]"
18,"{'id': 'google-news-fr', 'name': 'Google News (France)'}",Reporterre,"A69 : l’abattage des arbres reprend, le jardin d’une habitante incendié - Reporterre",,https://news.google.com/rss/articles/CBMilgFBVV95cUxPOHAtMHBfYjl5cFRVaUZvYWdFTmI3dTNZY3VEWC1pUnJJVnJ1QmhmZUJVNWJSVThHTWhTei1tbUlvNG9VNnZDNWxaenE4OVUtMVhiQUFaTlNmUjlMRzBNNEtaZjhybndsbkxTT0psQlF6UkdweWQxMUFqSzNZc3RITGxvSFU0WVA0RVNPSy1pMVZad3ZyM0E?oc=5,,2024-09-02T13:07:00+00:00,
19,"{'id': 'les-echos', 'name': 'Les Echos'}",Valerie Landrieu,PME : les dossiers chauds de la rentrée,"Si l'hypothèse d'un SMIC à 1.600 euros a cristallisé leurs peurs pendant l'été, les chefs d'entreprise ont, en cette rentrée, plusieurs motifs de préoccupation à soumettre au nouvel hôte de Matignon, de la fragilité des carnets de commandes à la pérennité des…",https://www.lesechos.fr/pme-regions/actualite-pme/pme-les-dossiers-chauds-de-la-rentree-2116391,https://media.lesechos.com/api/v1/images/view/66d59b781e12244642652d5c/1280x720/0120909212609-web-tete.jpg,2024-09-02T11:03:15Z,"« Il faut que ça avance ! » s'impatiente Adrien Sfecci. Président d'Orsteel, une PME des Alpes-Maritimes spécialisée dans l'éclairage (4,5 millions d'euros de chiffre d'affaires et 22 salariés), le p… [+654 chars]"
0,"{'id': 'le-monde', 'name': 'Le Monde'}",Philippe Escande,"« En matière économique, comme aux JO, on célèbre la réunion des peuples et des continents, mais on exacerbe la fibre nationaliste »","Le gouvernement espagnol de Pedro Sanchez a bloqué in extremis le rachat du constructeur de matériel ferroviaire Talgo par un consortium hongrois. Sociaux, économiques ou politiques, les obstacles sont nombreux sur la route du doux commerce, explique Philippe…",https://www.lemonde.fr/economie/article/2024/09/02/en-matiere-economique-comme-aux-jo-on-celebre-la-reunion-des-peuples-et-des-continents-mais-on-exacerbe-la-fibre-nationaliste_6302093_3234.html,https://img.lemde.fr/2024/08/29/0/0/5500/3666/1440/960/60/0/6c1b852_2024-08-29t123725z-1430544904-rc2op9aknltj-rtrmadp-3-talgo-m-a.JPG,2024-09-02T10:00:07Z,"Aux Jeux olympiques comme paralympiques, ce qui compte manifestement, au-delà de la performance des sportifs, cest le classement des pays. On célèbre la réunion des peuples et des continents, mais on… [+2361 chars]"
1,"{'id': 'les-echos', 'name': 'Les Echos'}",,Marine Le Pen réclame la convocation d'une session extraordinaire du Parlement,"« Le groupe que je préside estime qu'il est intolérable que les parlementaires ne soient pas réunis en session extraordinaire pour honorer sans plus de délais l'ensemble des responsabilités que nous ont confiées nos concitoyens », écrit Marine Le Pen.",https://www.lesechos.fr/politique-societe/gouvernement/direct-consultations-a-lelysee-nouveau-premier-ministre-toute-lactualite-de-lundi-2-septembre-2024-2116292,https://media.lesechos.com/api/v1/images/view/66d5536232ea10500d601de9/1280x720/01201000768751-web-tete.jpg,2024-09-02T05:57:38Z,"Le dénouement approche sans doute dans la quête d'un Premier ministre. Les dernières rumeurs avancent qu'Emmanuel Macron pourrait procéder à cette nomination demain. Pour l'heure, le chef de l'Etat e… [+2636 chars]"
2,"{'id': 'le-monde', 'name': 'Le Monde'}",Noa Moussa,"Le Pass rail, succès d’estime mais échec populaire","Ce dispositif, proposant pour 49 euros par mois cet été aux 16-27 ans de voyager à volonté sur l’ensemble du réseau des trains régionaux, a séduit moins que prévu. Pointés du doigt : la SNCF et les régions qui l’ont peu promu.",https://www.lemonde.fr/economie/article/2024/09/02/le-pass-rail-succes-d-estime-mais-echec-populaire_6301677_3234.html,https://img.lemde.fr/2024/06/27/111/0/2500/1666/1440/960/60/0/709cc2f_1719508797630-intercite-de-jour-credit-alex-profit-pour-sncf-voyageurs-3-validei-web.jpeg,2024-09-02T02:30:09Z,"La promesse était belle mais lobjectif trop ambitieux. Révélé sur le réseau social TikTok par Emmanuel Macron le 4 juin, le Pass rail a permis aux 16-27 ans daccéder de manière illimitée aux trains r… [+2568 chars]"
3,"{'id': 'le-monde', 'name': 'Le Monde'}",Quentin Arnaud,« Le “reporting” pays par pays des activités et des bénéfices est une information cruciale pour la transparence fiscale des multinationales »,"Le chercheur en management Quentin Arnaud observe, dans une tribune au « Monde », que la récente directive européenne sur l’information fiscale des entreprises laisse encore d’importantes opportunités d’échapper à l’impôt.",https://www.lemonde.fr/idees/article/2024/09/01/le-reporting-pays-par-pays-des-activites-et-des-benefices-est-une-information-cruciale-pour-la-transparence-fiscale-des-multinationales_6300842_3232.html,https://img.lemde.fr/2024/08/30/0/47/3772/2515/1440/960/60/0/11925a0_1725024433115-pns-972348.jpg,2024-09-01T06:00:05Z,"Depuis le début des années 2000, les multinationales doivent fournir des preuves de leur comportement responsable en matière sociale et environnementale (responsabilité sociétale des entreprises, RSE… [+2408 chars]"
4,"{'id': 'le-monde', 'name': 'Le Monde'}",Juliette Prigent,"Vidéo. Dépression, perte de sens… la période post-Jeux olympiques est difficile pour les athlètes","Vidéo - Simone Biles, Michael Phelps, Romane Dicko… depuis plusieurs années, ils brisent le tabou de la santé mentale des sportifs. Beaucoup d’athlètes, qu’ils soient médaillés ou non, assument vivre un « blues d’après Jeux olympiques ».",https://www.lemonde.fr/sport/video/2024/08/30/depression-perte-de-sens-la-periode-post-jeux-olympiques-est-difficile-pour-les-athletes_6299662_3242.html,https://img.lemde.fr/2024/08/02/0/0/3093/2062/1440/960/60/0/7f59a9e_2024-08-02t153401z-1994814415-up1ek82178nnb-rtrmadp-3-olympics-2024-judo.JPG,2024-08-30T16:48:27Z,"Vingt jours après avoir remporté sa médaille de bronze aux Jeux olympiques de Paris, Romane Dicko, judoka française, apparaît sur les réseaux sociaux en larmes : « Ça fait trente minutes que je pleur… [+807 chars]"
5,"{'id': 'les-echos', 'name': 'Les Echos'}",Sharon Wajsbrot,Pourquoi EDF a repoussé le lancement de l'EPR de Flamanville,"EDF a dû renoncer en juillet à la divergence de son réacteur nucléaire à cause d'un certain nombre d'aléas techniques. Cette opération très symbolique est toujours prévue « à l'été », c'est-à-dire avant le 21 septembre.",https://www.lesechos.fr/industrie-services/energie-environnement/nucleaire-une-nouvelle-tentative-de-divergence-se-prepare-pour-lepr-de-flamanville-2115700,https://media.lesechos.com/api/v1/images/view/66cf3f19bf1e6e326673b338/1280x720/0120830879826-web-tete.jpg,2024-08-28T15:15:29Z,"C'est un événement qui est scruté de toutes parts : la divergence de l'EPR de Flamanville qui marquera le démarrage officiel du 57e réacteur nucléaire français. Très attendu, le moment promet d'être … [+2766 chars]"
6,"{'id': 'le-monde', 'name': 'Le Monde'}",Juliette Prigent,Vidéo. Comment le Comité international paralympique utilise la dérision sur les réseaux sociaux pour susciter l’intérêt,"Vidéo - Son compte TikTok, où des vidéos humoristiques sur les athlètes sont publiées régulièrement, comporte 4,5 millions d’abonnés et plus de 1 milliard de vues.",https://www.lemonde.fr/sport/video/2024/08/28/comment-le-comite-international-paralympique-utilise-la-derision-sur-les-reseaux-sociaux-pour-susciter-l-interet_6297601_3242.html,https://img.lemde.fr/2024/08/26/0/25/1620/1080/1440/960/60/0/91f7724_1724696294183-photo.jpg,2024-08-28T09:00:03Z,Le compte TikTok du Comité international paralympique ne cesse de faire réagir. La cause ? Des vidéos humoristiques où les performances des athlètes paralympiques sont combinées à des musiques tendan… [+605 chars]
7,"{'id': 'le-monde', 'name': 'Le Monde'}",Vincent Fagot,"Concurrence numérique : sous la pression de l’Europe, Apple fait des concessions sur son magasin d’applications","Menacée de sanctions par Bruxelles, la firme américaine affirme que ces nouvelles règles, plus favorables aux développeurs, répondent aux exigences de la Commission européenne.",https://www.lemonde.fr/economie/article/2024/08/09/concurrence-numerique-sous-la-pression-de-l-europe-apple-fait-des-concessions-sur-son-magasin-d-applications_6274001_3234.html,https://img.lemde.fr/2024/08/09/0/6/6036/4024/1440/960/60/0/ee891e2_1723184501018-605721.jpg,2024-08-09T07:07:33Z,"A peine reconduite à la tête de la Commission européenne, Ursula von der Leyen peut, avec son commissaire au marché intérieur, Thierry Breton, se targuer davoir fait plier lun des géants américains d… [+2692 chars]"
8,"{'id': 'les-echos', 'name': 'Les Echos'}",Sharon Wajsbrot,"« C'étaient les montagnes russes » : Alain Morvan, le « finisher » du chantier de l'EPR de Flamanville","Alain Morvan est le directeur actuel du projet « FLA3 ». Ce Breton d'origine aura le privilège de démarrer cette centrale hors normes, dix-sept ans après sa mise en chantier.",https://www.lesechos.fr/industrie-services/energie-environnement/cetaient-les-montagnes-russes-alain-morvan-le-finisher-du-chantier-de-lepr-de-flamanville-2106901,https://media.lesechos.com/api/v1/images/view/668e3fcf2bd5ab17f72a2b49/1280x720/01102660560596-web-tete.jpg,2024-07-10T08:01:14Z,"Il aura fallu rien de moins que cinq directeurs de projets pour venir à bout de la construction du réacteur EPR de Flamanville (Manche). Le dernier d'entre eux, Alain Morvan, aura le privilège de dém… [+563 chars]"
9,"{'id': 'les-echos', 'name': 'Les Echos'}",Sharon Wajsbrot,"L'EPR de Flamanville, le réacteur unique en son genre qui a traversé « l'hiver du nucléaire »",Le réacteur de Flamanville est un contre-exemple parfait pour le programme de relance du nucléaire français qui s'engage sous la houlette d'EDF.,https://www.lesechos.fr/industrie-services/energie-environnement/lepr-de-flamanville-le-reacteur-unique-en-son-genre-qui-a-traverse-lhiver-du-nucleaire-2106837,https://media.lesechos.com/api/v1/images/view/668e07c4526c6a694a69720a/1280x720/01101084847112-web-tete.jpg,2024-07-10T04:02:07Z,"Cela aurait pu être le dernier réacteur français à entrer en service. Lancé en 2007, le chantier de l'EPR de Flamanville (Manche) a traversé « l'hiver du nucléaire », les années post-Fukushima marqué… [+401 chars]"
10,"{'id': 'liberation', 'name': 'Libération'}",Elsa Maudet,"Précarité énergétique : «Les journées où il pleut tout le temps, c’est un peu l’enfer»","Comme 3,5 millions de ménages français, Valérie et David peinent à combattre l'humidité et les fuites dans leur maison. Pour financer les travaux, ils sont accompagnés par une association spécialisée.",http://www.liberation.fr/france/2021/02/02/precarite-energetique-les-journees-ou-il-pleut-tout-le-temps-c-est-un-peu-l-enfer_1819030,https://medias.liberation.fr/photo/1375474-2021-02-margueritebornhauser-compiegnes-10jpg.jpg?modified_at=1612265502&amp;picto=fb&amp;ratio_x=191&amp;ratio_y=100&amp;width=1080,2021-02-02T12:49:24Z,"Search
Direct
User
100
Zoom
Quiz
?
Libération Diamond
clock
xml
netvibes
live
anciens-numeros
data
desintox
diapo
edito
election-2017
election
essentiel
generique
idee
jo
next… [+467 chars]"
11,"{'id': 'liberation', 'name': 'Libération'}",Chez Pol,Ces députés qui ne veulent pas plus d’argent,"Indiscrétions piquantes, maladresses vaches ou douces confessions : chaque jour, retrouvez les brèves qui auscultent le monde politique.",http://www.liberation.fr/politiques/2021/02/02/ces-deputes-qui-ne-veulent-pas-plus-d-argent_1819029,https://medias.liberation.fr/photo/1375467-afp_1r32kgjpg.jpg?modified_at=1612264960&amp;picto=fb&amp;ratio_x=191&amp;ratio_y=100&amp;width=1080,2021-02-02T12:22:45Z,"Search
Direct
User
100
Zoom
Quiz
?
Libération Diamond
clock
xml
netvibes
live
anciens-numeros
data
desintox
diapo
edito
election-2017
election
essentiel
generique
idee
jo
next… [+476 chars]"
12,"{'id': 'liberation', 'name': 'Libération'}",Emma Donada,Covid-19 : vers un dépistage systématique des variants en cas de test PCR positif,"Le 23 janvier, la direction générale de la santé a demandé aux professionnels de santé de faire passer un deuxième test à toutes les PCR positives afin de détecter les éventuels variants.",http://www.liberation.fr/checknews/2021/02/02/covid-19-vers-un-depistage-systematique-des-variants-en-cas-de-test-pcr-positif_1818898,https://medias.liberation.fr/photo/1375347-checknews_afp_8yf6bbjpg.jpg?modified_at=1612262533&amp;picto=fb&amp;ratio_x=191&amp;ratio_y=100&amp;width=1080,2021-02-02T11:42:53Z,"Search
Direct
User
100
Zoom
Quiz
?
Libération Diamond
clock
xml
netvibes
live
anciens-numeros
data
desintox
diapo
edito
election-2017
election
essentiel
generique
idee
jo
next… [+467 chars]"
13,"{'id': 'liberation', 'name': 'Libération'}",Victor Boiteau,"Domaines de chasse : en Sologne, les grillages de la discorde","Dans cette région boisée du Centre-Val-de-Loire, l’engrillagement de vastes parcs réservées à la chasse s’accélère. Une pratique légale, mais qui perturbe la circulation des animaux. Et défigure le territoire, selon les associations et les chasseurs locaux.",http://www.liberation.fr/france/2021/02/02/domaines-de-chasse-en-sologne-les-grillages-de-la-discorde_1818950,https://medias.liberation.fr/photo/1375459-prodlibe-2021-0255.jpg?modified_at=1612252986&amp;picto=fb&amp;ratio_x=191&amp;ratio_y=100&amp;width=1080,2021-02-02T09:50:51Z,"Search
Direct
User
100
Zoom
Quiz
?
Libération Diamond
clock
xml
netvibes
live
anciens-numeros
data
desintox
diapo
edito
election-2017
election
essentiel
generique
idee
jo
next… [+467 chars]"
14,"{'id': 'liberation', 'name': 'Libération'}",Stéphanie Harounyan,"Marseille : «On aime ce club, mais pas au point de faire des violences ou des dégradations»","Quatorze personnes comparaissaient lundi à Marseille après les violences survenues samedi à la Commanderie, le centre d'entraînement de l'OM. Huit d'entre eux resteront en détention jusqu'à l'examen du dossier sur le fond, renvoyé au 24 février.",http://www.liberation.fr/france/2021/02/02/marseille-on-aime-ce-club-mais-pas-au-point-de-faire-des-violences-ou-des-degradations_1819025,https://medias.liberation.fr/photo/1375410-prodlibe-2021-0286.jpg?modified_at=1612249186&amp;picto=fb&amp;ratio_x=191&amp;ratio_y=100&amp;width=1080,2021-02-02T07:53:26Z,"Le dispositif policier avait été musclé au cas où. Mais finalement personne nest venu manifester devant le tribunal correctionnel de Marseille, où quatorze prévenus étaient présentés lundi après-midi… [+5261 chars]"
15,"{'id': 'liberation', 'name': 'Libération'}",,"Meurtres conjugaux, des vies derrière les chiffres","Chaque année, plus de cent femmes sont tuées par leur conjoint, leur mari ou leur ex. Derrière une statistique qui se répète froidement chaque année, il y a des prénoms, des histoires, des vies, des victimes collatérales.",https://www.liberation.fr/apps/2018/02/meurtres-conjugaux-derriere-les-chiffres/,https://www.liberation.fr/apps/2018/02/meurtres-conjugaux-derriere-les-chiffres/static/social.jpg,2021-02-02T07:22:27.4088598Z,
16,"{'id': 'liberation', 'name': 'Libération'}",Louise Vincent,Le Kremlin fait monter la répression,"Détention prolongée d’Alexeï Navalny, violences policières, intimidations... L’acharnement du pouvoir russe est de plus en plus décrié à l’étranger.",http://www.liberation.fr/planete/2021/02/01/le-kremlin-fait-monter-la-repression_1819012,https://medias.liberation.fr/photo/1375439-101077170499jpg.jpg?modified_at=1612207452&amp;picto=fb&amp;ratio_x=191&amp;ratio_y=100&amp;width=1080,2021-02-01T20:01:09Z,"Search
Direct
User
100
Zoom
Quiz
?
Libération Diamond
clock
xml
netvibes
live
anciens-numeros
data
desintox
diapo
edito
election-2017
election
essentiel
generique
idee
jo
next… [+467 chars]"
17,"{'id': 'liberation', 'name': 'Libération'}",Veronika Dorman,"Alexeï Navalny : vent debout, jusqu’au bout","Le blogueur anticorruption devenu l’ennemi numéro 1 du Kremlin comparaît devant la justice ce mardi. Au fil de son combat politique, il a gagné en stature et en soutiens en s’attaquant frontalement à Poutine, quoi qu’il en coûte.",http://www.liberation.fr/planete/2021/02/01/alexei-navalny-vent-debout-jusqu-au-bout_1819009,https://medias.liberation.fr/photo/1375440-alexei-navalny.jpg?modified_at=1612207491&amp;picto=fb&amp;ratio_x=191&amp;ratio_y=100&amp;width=1080,2021-02-01T20:01:07Z,"Search
Direct
User
100
Zoom
Quiz
?
Libération Diamond
clock
xml
netvibes
live
anciens-numeros
data
desintox
diapo
edito
election-2017
election
essentiel
generique
idee
jo
next… [+467 chars]"
18,"{'id': 'liberation', 'name': 'Libération'}",Elsa Maudet,Mal-logement : le parc HLM paralysé par le Covid,"Dans un rapport publié ce mardi, la Fondation Abbé-Pierre estime que 100 000 logements sociaux de moins ont été attribués l’année dernière, à cause de la crise sanitaire et des confinements. Toute la chaîne d’attribution est embouteillée et risque d’exploser …",http://www.liberation.fr/france/2021/02/01/mal-logement-le-parc-hlm-paralyse-par-le-covid_1818999,https://medias.liberation.fr/photo/1375385-000_1hi6xbjpg.jpg?modified_at=1612204923&amp;picto=fb&amp;ratio_x=191&amp;ratio_y=100&amp;width=1080,2021-02-01T19:36:14Z,"Les chiffres définitifs ne seront connus que dans quelques mois, mais déjà les estimations donnent le tournis. En 2020, le nombre dattributions de HLM devrait chuter de 20 %. Soit 100 000 logements s… [+4840 chars]"
19,"{'id': 'liberation', 'name': 'Libération'}","Cédric Mathiot, Pauline Moullot",Les chiffres officiels des hospitalisations liées au Covid-19 sont-ils gonflés ?,La publication d'un article de «Nice-Matin» mi-janvier a relancé la polémique sur la manière dont les statistiques sont fabriquées.,http://www.liberation.fr/checknews/2021/02/01/les-chiffres-officiels-des-hospitalisations-liees-au-covid-19-sont-ils-gonfles_1817820,https://medias.liberation.fr/photo/1375353-french-hospital-faces-second-wave-of-covid-19-patients.jpg?modified_at=1612191406&amp;picto=fb&amp;ratio_x=191&amp;ratio_y=100&amp;width=1080,2021-02-01T12:42:15Z,"Search
Direct
User
100
Zoom
Quiz
?
Libération Diamond
clock
xml
netvibes
live
anciens-numeros
data
desintox
diapo
edito
election-2017
election
essentiel
generique
idee
jo
next… [+467 chars]"
